,country_region_code,country_region,sub_region_1,sub_region_2,metro_area,iso_3166_2_code,census_fips_code,place_id,date,retail_and_recreation_percent_change_from_baseline,grocery_and_pharmacy_percent_change_from_baseline,parks_percent_change_from_baseline,transit_stations_percent_change_from_baseline,workplaces_percent_change_from_baseline,residential_percent_change_from_baseline,day_of_week
272071,US,United States,Kentucky,Jefferson County,,,21111.0,ChIJCROGK48KaYgR_WSJcx2vTro,2020-02-15,7.0,4.0,61.0,8.0,-1.0,-1.0,5
272072,US,United States,Kentucky,Jefferson County,,,21111.0,ChIJCROGK48KaYgR_WSJcx2vTro,2020-02-16,4.0,0.0,30.0,-2.0,2.0,-1.0,6
272073,US,United States,Kentucky,Jefferson County,,,21111.0,ChIJCROGK48KaYgR_WSJcx2vTro,2020-02-17,4.0,-2.0,43.0,-1.0,-12.0,3.0,0
272074,US,United States,Kentucky,Jefferson County,,,21111.0,ChIJCROGK48KaYgR_WSJcx2vTro,2020-02-18,-2.0,-4.0,-8.0,1.0,1.0,1.0,1
272075,US,United States,Kentucky,Jefferson County,,,21111.0,ChIJCROGK48KaYgR_WSJcx2vTro,2020-02-19,2.0,1.0,21.0,3.0,2.0,0.0,2
272076,US,United States,Kentucky,Jefferson County,,,21111.0,ChIJCROGK48KaYgR_WSJcx2vTro,2020-02-20,0.0,-2.0,-1.0,0.0,1.0,0.0,3
272077,US,United States,Kentucky,Jefferson County,,,21111.0,ChIJCROGK48KaYgR_WSJcx2vTro,2020-02-21,2.0,11.0,14.0,2.0,2.0,0.0,4
272078,US,United States,Kentucky,Jefferson County,,,21111.0,ChIJCROGK48KaYgR_WSJcx2vTro,2020-02-22,9.0,14.0,110.0,13.0,2.0,-2.0,5
272079,US,United States,Kentucky,Jefferson County,,,21111.0,ChIJCROGK48KaYgR_WSJcx2vTro,2020-02-23,3.0,10.0,74.0,1.0,1.0,-1.0,6
272080,US,United States,Kentucky,Jefferson County,,,21111.0,ChIJCROGK48KaYgR_WSJcx2vTro,2020-02-24,-4.0,5.0,-27.0,-5.0,1.0,1.0,0
272081,US,United States,Kentucky,Jefferson County,,,21111.0,ChIJCROGK48KaYgR_WSJcx2vTro,2020-02-25,5.0,13.0,8.0,6.0,2.0,0.0,1
272082,US,United States,Kentucky,Jefferson County,,,21111.0,ChIJCROGK48KaYgR_WSJcx2vTro,2020-02-26,5.0,14.0,-14.0,3.0,2.0,0.0,2
272083,US,United States,Kentucky,Jefferson County,,,21111.0,ChIJCROGK48KaYgR_WSJcx2vTro,2020-02-27,8.0,14.0,-1.0,5.0,1.0,-1.0,3
272084,US,United States,Kentucky,Jefferson County,,,21111.0,ChIJCROGK48KaYgR_WSJcx2vTro,2020-02-28,6.0,14.0,15.0,7.0,2.0,-1.0,4
272085,US,United States,Kentucky,Jefferson County,,,21111.0,ChIJCROGK48KaYgR_WSJcx2vTro,2020-02-29,13.0,17.0,77.0,11.0,2.0,-3.0,5
272086,US,United States,Kentucky,Jefferson County,,,21111.0,ChIJCROGK48KaYgR_WSJcx2vTro,2020-03-01,15.0,18.0,154.0,10.0,3.0,-3.0,6
272087,US,United States,Kentucky,Jefferson County,,,21111.0,ChIJCROGK48KaYgR_WSJcx2vTro,2020-03-02,4.0,9.0,-12.0,-1.0,1.0,1.0,0
272088,US,United States,Kentucky,Jefferson County,,,21111.0,ChIJCROGK48KaYgR_WSJcx2vTro,2020-03-03,12.0,20.0,53.0,9.0,2.0,-1.0,1
272089,US,United States,Kentucky,Jefferson County,,,21111.0,ChIJCROGK48KaYgR_WSJcx2vTro,2020-03-04,10.0,20.0,64.0,9.0,2.0,-1.0,2
272090,US,United States,Kentucky,Jefferson County,,,21111.0,ChIJCROGK48KaYgR_WSJcx2vTro,2020-03-05,9.0,18.0,60.0,7.0,2.0,-1.0,3
272091,US,United States,Kentucky,Jefferson County,,,21111.0,ChIJCROGK48KaYgR_WSJcx2vTro,2020-03-06,3.0,12.0,9.0,1.0,1.0,0.0,4
272092,US,United States,Kentucky,Jefferson County,,,21111.0,ChIJCROGK48KaYgR_WSJcx2vTro,2020-03-07,11.0,20.0,143.0,16.0,2.0,-3.0,5
272093,US,United States,Kentucky,Jefferson County,,,21111.0,ChIJCROGK48KaYgR_WSJcx2vTro,2020-03-08,10.0,17.0,180.0,5.0,1.0,-2.0,6
272094,US,United States,Kentucky,Jefferson County,,,21111.0,ChIJCROGK48KaYgR_WSJcx2vTro,2020-03-09,5.0,17.0,36.0,-1.0,0.0,0.0,0
272095,US,United States,Kentucky,Jefferson County,,,21111.0,ChIJCROGK48KaYgR_WSJcx2vTro,2020-03-10,7.0,17.0,14.0,0.0,0.0,1.0,1
272096,US,United States,Kentucky,Jefferson County,,,21111.0,ChIJCROGK48KaYgR_WSJcx2vTro,2020-03-11,6.0,24.0,50.0,3.0,0.0,0.0,2
272097,US,United States,Kentucky,Jefferson County,,,21111.0,ChIJCROGK48KaYgR_WSJcx2vTro,2020-03-12,-2.0,26.0,-1.0,-3.0,-3.0,2.0,3
272098,US,United States,Kentucky,Jefferson County,,,21111.0,ChIJCROGK48KaYgR_WSJcx2vTro,2020-03-13,0.0,33.0,36.0,-1.0,-5.0,2.0,4
272099,US,United States,Kentucky,Jefferson County,,,21111.0,ChIJCROGK48KaYgR_WSJcx2vTro,2020-03-14,-15.0,19.0,-5.0,-11.0,-6.0,4.0,5
272100,US,United States,Kentucky,Jefferson County,,,21111.0,ChIJCROGK48KaYgR_WSJcx2vTro,2020-03-15,-17.0,13.0,11.0,-19.0,-8.0,4.0,6
272101,US,United States,Kentucky,Jefferson County,,,21111.0,ChIJCROGK48KaYgR_WSJcx2vTro,2020-03-16,-14.0,28.0,-6.0,-15.0,-19.0,8.0,0
272102,US,United States,Kentucky,Jefferson County,,,21111.0,ChIJCROGK48KaYgR_WSJcx2vTro,2020-03-17,-21.0,24.0,79.0,-9.0,-25.0,10.0,1
272103,US,United States,Kentucky,Jefferson County,,,21111.0,ChIJCROGK48KaYgR_WSJcx2vTro,2020-03-18,-28.0,19.0,-21.0,-19.0,-29.0,13.0,2
272104,US,United States,Kentucky,Jefferson County,,,21111.0,ChIJCROGK48KaYgR_WSJcx2vTro,2020-03-19,-32.0,17.0,-12.0,-24.0,-32.0,14.0,3
272105,US,United States,Kentucky,Jefferson County,,,21111.0,ChIJCROGK48KaYgR_WSJcx2vTro,2020-03-20,-32.0,16.0,109.0,-21.0,-34.0,15.0,4
272106,US,United States,Kentucky,Jefferson County,,,21111.0,ChIJCROGK48KaYgR_WSJcx2vTro,2020-03-21,-44.0,4.0,29.0,-25.0,-27.0,10.0,5
272107,US,United States,Kentucky,Jefferson County,,,21111.0,ChIJCROGK48KaYgR_WSJcx2vTro,2020-03-22,-45.0,-7.0,15.0,-40.0,-32.0,10.0,6
272108,US,United States,Kentucky,Jefferson County,,,21111.0,ChIJCROGK48KaYgR_WSJcx2vTro,2020-03-23,-31.0,3.0,68.0,-26.0,-38.0,15.0,0
272109,US,United States,Kentucky,Jefferson County,,,21111.0,ChIJCROGK48KaYgR_WSJcx2vTro,2020-03-24,-42.0,-5.0,6.0,-29.0,-43.0,18.0,1
272110,US,United States,Kentucky,Jefferson County,,,21111.0,ChIJCROGK48KaYgR_WSJcx2vTro,2020-03-25,-37.0,4.0,98.0,-25.0,-44.0,17.0,2
272111,US,United States,Kentucky,Jefferson County,,,21111.0,ChIJCROGK48KaYgR_WSJcx2vTro,2020-03-26,-38.0,1.0,120.0,-26.0,-46.0,18.0,3
272112,US,United States,Kentucky,Jefferson County,,,21111.0,ChIJCROGK48KaYgR_WSJcx2vTro,2020-03-27,-40.0,-3.0,93.0,-29.0,-47.0,20.0,4
272113,US,United States,Kentucky,Jefferson County,,,21111.0,ChIJCROGK48KaYgR_WSJcx2vTro,2020-03-28,-44.0,-3.0,166.0,-25.0,-35.0,11.0,5
272114,US,United States,Kentucky,Jefferson County,,,21111.0,ChIJCROGK48KaYgR_WSJcx2vTro,2020-03-29,-44.0,-10.0,83.0,-37.0,-38.0,10.0,6
272115,US,United States,Kentucky,Jefferson County,,,21111.0,ChIJCROGK48KaYgR_WSJcx2vTro,2020-03-30,-36.0,-6.0,52.0,-30.0,-48.0,17.0,0
272116,US,United States,Kentucky,Jefferson County,,,21111.0,ChIJCROGK48KaYgR_WSJcx2vTro,2020-03-31,-39.0,-6.0,-1.0,-31.0,-49.0,20.0,1
272117,US,United States,Kentucky,Jefferson County,,,21111.0,ChIJCROGK48KaYgR_WSJcx2vTro,2020-04-01,-37.0,2.0,15.0,-28.0,-50.0,20.0,2
272118,US,United States,Kentucky,Jefferson County,,,21111.0,ChIJCROGK48KaYgR_WSJcx2vTro,2020-04-02,-37.0,1.0,72.0,-28.0,-51.0,20.0,3
272119,US,United States,Kentucky,Jefferson County,,,21111.0,ChIJCROGK48KaYgR_WSJcx2vTro,2020-04-03,-36.0,5.0,108.0,-26.0,-50.0,20.0,4
272120,US,United States,Kentucky,Jefferson County,,,21111.0,ChIJCROGK48KaYgR_WSJcx2vTro,2020-04-04,-45.0,1.0,140.0,-23.0,-39.0,12.0,5
272121,US,United States,Kentucky,Jefferson County,,,21111.0,ChIJCROGK48KaYgR_WSJcx2vTro,2020-04-05,-44.0,-6.0,71.0,-36.0,-39.0,10.0,6
272122,US,United States,Kentucky,Jefferson County,,,21111.0,ChIJCROGK48KaYgR_WSJcx2vTro,2020-04-06,-37.0,-3.0,54.0,-27.0,-50.0,18.0,0
272123,US,United States,Kentucky,Jefferson County,,,21111.0,ChIJCROGK48KaYgR_WSJcx2vTro,2020-04-07,-37.0,0.0,78.0,-24.0,-51.0,19.0,1
272124,US,United States,Kentucky,Jefferson County,,,21111.0,ChIJCROGK48KaYgR_WSJcx2vTro,2020-04-08,-38.0,2.0,78.0,-27.0,-51.0,19.0,2
272125,US,United States,Kentucky,Jefferson County,,,21111.0,ChIJCROGK48KaYgR_WSJcx2vTro,2020-04-09,-39.0,0.0,38.0,-29.0,-51.0,20.0,3
272126,US,United States,Kentucky,Jefferson County,,,21111.0,ChIJCROGK48KaYgR_WSJcx2vTro,2020-04-10,-39.0,0.0,53.0,-30.0,-55.0,23.0,4
272127,US,United States,Kentucky,Jefferson County,,,21111.0,ChIJCROGK48KaYgR_WSJcx2vTro,2020-04-11,-44.0,5.0,104.0,-27.0,-40.0,12.0,5
272128,US,United States,Kentucky,Jefferson County,,,21111.0,ChIJCROGK48KaYgR_WSJcx2vTro,2020-04-12,-64.0,-31.0,-28.0,-47.0,-46.0,12.0,6
272129,US,United States,Kentucky,Jefferson County,,,21111.0,ChIJCROGK48KaYgR_WSJcx2vTro,2020-04-13,-43.0,-12.0,-16.0,-38.0,-50.0,20.0,0
272130,US,United States,Kentucky,Jefferson County,,,21111.0,ChIJCROGK48KaYgR_WSJcx2vTro,2020-04-14,-38.0,-5.0,16.0,-31.0,-49.0,20.0,1
272131,US,United States,Kentucky,Jefferson County,,,21111.0,ChIJCROGK48KaYgR_WSJcx2vTro,2020-04-15,-32.0,2.0,30.0,-28.0,-50.0,20.0,2
272132,US,United States,Kentucky,Jefferson County,,,21111.0,ChIJCROGK48KaYgR_WSJcx2vTro,2020-04-16,-35.0,-2.0,40.0,-30.0,-50.0,20.0,3
272133,US,United States,Kentucky,Jefferson County,,,21111.0,ChIJCROGK48KaYgR_WSJcx2vTro,2020-04-17,-42.0,-9.0,-13.0,-40.0,-50.0,23.0,4
272134,US,United States,Kentucky,Jefferson County,,,21111.0,ChIJCROGK48KaYgR_WSJcx2vTro,2020-04-18,-41.0,-1.0,131.0,-24.0,-34.0,11.0,5
272135,US,United States,Kentucky,Jefferson County,,,21111.0,ChIJCROGK48KaYgR_WSJcx2vTro,2020-04-19,-45.0,-12.0,31.0,-42.0,-37.0,10.0,6
272136,US,United States,Kentucky,Jefferson County,,,21111.0,ChIJCROGK48KaYgR_WSJcx2vTro,2020-04-20,-32.0,-4.0,86.0,-29.0,-48.0,17.0,0
272137,US,United States,Kentucky,Jefferson County,,,21111.0,ChIJCROGK48KaYgR_WSJcx2vTro,2020-04-21,-32.0,-1.0,86.0,-27.0,-49.0,18.0,1
272138,US,United States,Kentucky,Jefferson County,,,21111.0,ChIJCROGK48KaYgR_WSJcx2vTro,2020-04-22,-33.0,2.0,113.0,-27.0,-49.0,18.0,2
272139,US,United States,Kentucky,Jefferson County,,,21111.0,ChIJCROGK48KaYgR_WSJcx2vTro,2020-04-23,-43.0,-12.0,-34.0,-42.0,-51.0,22.0,3
272140,US,United States,Kentucky,Jefferson County,,,21111.0,ChIJCROGK48KaYgR_WSJcx2vTro,2020-04-24,-36.0,0.0,95.0,-31.0,-49.0,20.0,4
272141,US,United States,Kentucky,Jefferson County,,,21111.0,ChIJCROGK48KaYgR_WSJcx2vTro,2020-04-25,-44.0,-5.0,37.0,-34.0,-37.0,13.0,5
272142,US,United States,Kentucky,Jefferson County,,,21111.0,ChIJCROGK48KaYgR_WSJcx2vTro,2020-04-26,-45.0,-12.0,-16.0,-45.0,-39.0,11.0,6
272143,US,United States,Kentucky,Jefferson County,,,21111.0,ChIJCROGK48KaYgR_WSJcx2vTro,2020-04-27,-28.0,0.0,93.0,-28.0,-47.0,17.0,0
272144,US,United States,Kentucky,Jefferson County,,,21111.0,ChIJCROGK48KaYgR_WSJcx2vTro,2020-04-28,-28.0,5.0,113.0,-23.0,-48.0,11.0,1
272145,US,United States,Kentucky,Jefferson County,,,21111.0,ChIJCROGK48KaYgR_WSJcx2vTro,2020-04-29,-32.0,1.0,7.0,-31.0,-49.0,20.0,2
272146,US,United States,Kentucky,Jefferson County,,,21111.0,ChIJCROGK48KaYgR_WSJcx2vTro,2020-04-30,-33.0,-1.0,-10.0,-33.0,-49.0,20.0,3
272147,US,United States,Kentucky,Jefferson County,,,21111.0,ChIJCROGK48KaYgR_WSJcx2vTro,2020-05-01,-28.0,8.0,135.0,-21.0,-47.0,17.0,4
272148,US,United States,Kentucky,Jefferson County,,,21111.0,ChIJCROGK48KaYgR_WSJcx2vTro,2020-05-02,-35.0,9.0,227.0,-5.0,-33.0,7.0,5
272149,US,United States,Kentucky,Jefferson County,,,21111.0,ChIJCROGK48KaYgR_WSJcx2vTro,2020-05-03,-37.0,-4.0,34.0,-35.0,-34.0,9.0,6
272150,US,United States,Kentucky,Jefferson County,,,21111.0,ChIJCROGK48KaYgR_WSJcx2vTro,2020-05-04,-24.0,4.0,82.0,-23.0,-46.0,15.0,0
272151,US,United States,Kentucky,Jefferson County,,,21111.0,ChIJCROGK48KaYgR_WSJcx2vTro,2020-05-05,-29.0,3.0,-10.0,-30.0,-47.0,19.0,1
272152,US,United States,Kentucky,Jefferson County,,,21111.0,ChIJCROGK48KaYgR_WSJcx2vTro,2020-05-06,-28.0,9.0,75.0,-23.0,-46.0,17.0,2
272153,US,United States,Kentucky,Jefferson County,,,21111.0,ChIJCROGK48KaYgR_WSJcx2vTro,2020-05-07,-27.0,8.0,97.0,-23.0,-46.0,17.0,3
272154,US,United States,Kentucky,Jefferson County,,,21111.0,ChIJCROGK48KaYgR_WSJcx2vTro,2020-05-08,-37.0,-1.0,1.0,-33.0,-47.0,21.0,4
272155,US,United States,Kentucky,Jefferson County,,,21111.0,ChIJCROGK48KaYgR_WSJcx2vTro,2020-05-09,-31.0,21.0,152.0,-11.0,-29.0,8.0,5
272156,US,United States,Kentucky,Jefferson County,,,21111.0,ChIJCROGK48KaYgR_WSJcx2vTro,2020-05-10,-30.0,10.0,54.0,-25.0,-29.0,6.0,6
272157,US,United States,Kentucky,Jefferson County,,,21111.0,ChIJCROGK48KaYgR_WSJcx2vTro,2020-05-11,-30.0,-3.0,19.0,-28.0,-43.0,16.0,0
272158,US,United States,Kentucky,Jefferson County,,,21111.0,ChIJCROGK48KaYgR_WSJcx2vTro,2020-05-12,-25.0,7.0,84.0,-21.0,-43.0,16.0,1
272159,US,United States,Kentucky,Jefferson County,,,21111.0,ChIJCROGK48KaYgR_WSJcx2vTro,2020-05-13,-30.0,4.0,-6.0,-27.0,-45.0,18.0,2
272160,US,United States,Kentucky,Jefferson County,,,21111.0,ChIJCROGK48KaYgR_WSJcx2vTro,2020-05-14,-26.0,9.0,125.0,-21.0,-44.0,15.0,3
272161,US,United States,Kentucky,Jefferson County,,,21111.0,ChIJCROGK48KaYgR_WSJcx2vTro,2020-05-15,-32.0,1.0,38.0,-30.0,-44.0,18.0,4
272162,US,United States,Kentucky,Jefferson County,,,21111.0,ChIJCROGK48KaYgR_WSJcx2vTro,2020-05-16,-34.0,8.0,127.0,-21.0,-28.0,9.0,5
272163,US,United States,Kentucky,Jefferson County,,,21111.0,ChIJCROGK48KaYgR_WSJcx2vTro,2020-05-17,-34.0,0.0,70.0,-33.0,-26.0,7.0,6
272164,US,United States,Kentucky,Jefferson County,,,21111.0,ChIJCROGK48KaYgR_WSJcx2vTro,2020-05-18,-30.0,-3.0,-6.0,-34.0,-41.0,16.0,0
272165,US,United States,Kentucky,Jefferson County,,,21111.0,ChIJCROGK48KaYgR_WSJcx2vTro,2020-05-19,-24.0,9.0,80.0,-24.0,-41.0,15.0,1
272166,US,United States,Kentucky,Jefferson County,,,21111.0,ChIJCROGK48KaYgR_WSJcx2vTro,2020-05-20,-22.0,9.0,48.0,-23.0,-41.0,15.0,2
272167,US,United States,Kentucky,Jefferson County,,,21111.0,ChIJCROGK48KaYgR_WSJcx2vTro,2020-05-21,-22.0,10.0,76.0,-22.0,-41.0,14.0,3
272168,US,United States,Kentucky,Jefferson County,,,21111.0,ChIJCROGK48KaYgR_WSJcx2vTro,2020-05-22,-22.0,10.0,148.0,-20.0,-41.0,14.0,4
272169,US,United States,Kentucky,Jefferson County,,,21111.0,ChIJCROGK48KaYgR_WSJcx2vTro,2020-05-23,-29.0,8.0,153.0,-15.0,-24.0,6.0,5
272170,US,United States,Kentucky,Jefferson County,,,21111.0,ChIJCROGK48KaYgR_WSJcx2vTro,2020-05-24,-24.0,8.0,133.0,-25.0,-26.0,4.0,6
272171,US,United States,Kentucky,Jefferson County,,,21111.0,ChIJCROGK48KaYgR_WSJcx2vTro,2020-05-25,-25.0,-1.0,99.0,-36.0,-71.0,19.0,0
272172,US,United States,Kentucky,Jefferson County,,,21111.0,ChIJCROGK48KaYgR_WSJcx2vTro,2020-05-26,-17.0,8.0,69.0,-26.0,-39.0,13.0,1
272173,US,United States,Kentucky,Jefferson County,,,21111.0,ChIJCROGK48KaYgR_WSJcx2vTro,2020-05-27,-16.0,11.0,55.0,-22.0,-39.0,13.0,2
272174,US,United States,Kentucky,Jefferson County,,,21111.0,ChIJCROGK48KaYgR_WSJcx2vTro,2020-05-28,-15.0,12.0,108.0,-19.0,-38.0,13.0,3
272175,US,United States,Kentucky,Jefferson County,,,21111.0,ChIJCROGK48KaYgR_WSJcx2vTro,2020-05-29,-19.0,8.0,107.0,-18.0,-38.0,14.0,4
272176,US,United States,Kentucky,Jefferson County,,,21111.0,ChIJCROGK48KaYgR_WSJcx2vTro,2020-05-30,-24.0,10.0,237.0,-5.0,-14.0,4.0,5
272177,US,United States,Kentucky,Jefferson County,,,21111.0,ChIJCROGK48KaYgR_WSJcx2vTro,2020-05-31,-22.0,6.0,166.0,-20.0,-16.0,3.0,6
272178,US,United States,Kentucky,Jefferson County,,,21111.0,ChIJCROGK48KaYgR_WSJcx2vTro,2020-06-01,-13.0,9.0,89.0,-21.0,-37.0,11.0,0
272179,US,United States,Kentucky,Jefferson County,,,21111.0,ChIJCROGK48KaYgR_WSJcx2vTro,2020-06-02,-14.0,14.0,118.0,-18.0,-37.0,12.0,1
272180,US,United States,Kentucky,Jefferson County,,,21111.0,ChIJCROGK48KaYgR_WSJcx2vTro,2020-06-03,-15.0,16.0,106.0,-20.0,-38.0,12.0,2
272181,US,United States,Kentucky,Jefferson County,,,21111.0,ChIJCROGK48KaYgR_WSJcx2vTro,2020-06-04,-19.0,8.0,44.0,-26.0,-38.0,13.0,3
272182,US,United States,Kentucky,Jefferson County,,,21111.0,ChIJCROGK48KaYgR_WSJcx2vTro,2020-06-05,-17.0,11.0,133.0,-14.0,-38.0,12.0,4
272183,US,United States,Kentucky,Jefferson County,,,21111.0,ChIJCROGK48KaYgR_WSJcx2vTro,2020-06-06,-22.0,14.0,216.0,-3.0,-15.0,3.0,5
272184,US,United States,Kentucky,Jefferson County,,,21111.0,ChIJCROGK48KaYgR_WSJcx2vTro,2020-06-07,-19.0,8.0,163.0,-19.0,-17.0,3.0,6
272185,US,United States,Kentucky,Jefferson County,,,21111.0,ChIJCROGK48KaYgR_WSJcx2vTro,2020-06-08,-13.0,9.0,83.0,-18.0,-36.0,10.0,0
272186,US,United States,Kentucky,Jefferson County,,,21111.0,ChIJCROGK48KaYgR_WSJcx2vTro,2020-06-09,-13.0,11.0,75.0,-19.0,-36.0,11.0,1
272187,US,United States,Kentucky,Jefferson County,,,21111.0,ChIJCROGK48KaYgR_WSJcx2vTro,2020-06-10,-11.0,13.0,96.0,-19.0,-37.0,11.0,2
272188,US,United States,Kentucky,Jefferson County,,,21111.0,ChIJCROGK48KaYgR_WSJcx2vTro,2020-06-11,-11.0,12.0,124.0,-19.0,-36.0,10.0,3
272189,US,United States,Kentucky,Jefferson County,,,21111.0,ChIJCROGK48KaYgR_WSJcx2vTro,2020-06-12,-15.0,10.0,137.0,-17.0,-37.0,10.0,4
272190,US,United States,Kentucky,Jefferson County,,,21111.0,ChIJCROGK48KaYgR_WSJcx2vTro,2020-06-13,-19.0,13.0,239.0,-5.0,-13.0,1.0,5
272191,US,United States,Kentucky,Jefferson County,,,21111.0,ChIJCROGK48KaYgR_WSJcx2vTro,2020-06-14,-18.0,4.0,154.0,-24.0,-14.0,2.0,6
272192,US,United States,Kentucky,Jefferson County,,,21111.0,ChIJCROGK48KaYgR_WSJcx2vTro,2020-06-15,-11.0,7.0,109.0,-19.0,-36.0,9.0,0
272193,US,United States,Kentucky,Jefferson County,,,21111.0,ChIJCROGK48KaYgR_WSJcx2vTro,2020-06-16,-9.0,12.0,140.0,-17.0,-36.0,9.0,1
272194,US,United States,Kentucky,Jefferson County,,,21111.0,ChIJCROGK48KaYgR_WSJcx2vTro,2020-06-17,-11.0,13.0,122.0,-20.0,-36.0,10.0,2
272195,US,United States,Kentucky,Jefferson County,,,21111.0,ChIJCROGK48KaYgR_WSJcx2vTro,2020-06-18,-12.0,11.0,103.0,-22.0,-37.0,10.0,3
272196,US,United States,Kentucky,Jefferson County,,,21111.0,ChIJCROGK48KaYgR_WSJcx2vTro,2020-06-19,-15.0,11.0,151.0,-17.0,-37.0,9.0,4
272197,US,United States,Kentucky,Jefferson County,,,21111.0,ChIJCROGK48KaYgR_WSJcx2vTro,2020-06-20,-19.0,16.0,202.0,-11.0,-14.0,1.0,5
272198,US,United States,Kentucky,Jefferson County,,,21111.0,ChIJCROGK48KaYgR_WSJcx2vTro,2020-06-21,-24.0,1.0,42.0,-30.0,-17.0,2.0,6
272199,US,United States,Kentucky,Jefferson County,,,21111.0,ChIJCROGK48KaYgR_WSJcx2vTro,2020-06-22,-13.0,5.0,67.0,-26.0,-37.0,10.0,0
272200,US,United States,Kentucky,Jefferson County,,,21111.0,ChIJCROGK48KaYgR_WSJcx2vTro,2020-06-23,-9.0,10.0,107.0,-20.0,-38.0,10.0,1
272201,US,United States,Kentucky,Jefferson County,,,21111.0,ChIJCROGK48KaYgR_WSJcx2vTro,2020-06-24,-11.0,12.0,133.0,-19.0,-36.0,9.0,2
272202,US,United States,Kentucky,Jefferson County,,,21111.0,ChIJCROGK48KaYgR_WSJcx2vTro,2020-06-25,-12.0,10.0,113.0,-20.0,-36.0,9.0,3
272203,US,United States,Kentucky,Jefferson County,,,21111.0,ChIJCROGK48KaYgR_WSJcx2vTro,2020-06-26,-16.0,9.0,122.0,-19.0,-36.0,9.0,4
272204,US,United States,Kentucky,Jefferson County,,,21111.0,ChIJCROGK48KaYgR_WSJcx2vTro,2020-06-27,-22.0,5.0,159.0,-15.0,-14.0,3.0,5
272205,US,United States,Kentucky,Jefferson County,,,21111.0,ChIJCROGK48KaYgR_WSJcx2vTro,2020-06-28,-20.0,0.0,84.0,-28.0,-13.0,3.0,6
272206,US,United States,Kentucky,Jefferson County,,,21111.0,ChIJCROGK48KaYgR_WSJcx2vTro,2020-06-29,-12.0,4.0,45.0,-25.0,-37.0,10.0,0
272207,US,United States,Kentucky,Jefferson County,,,21111.0,ChIJCROGK48KaYgR_WSJcx2vTro,2020-06-30,-7.0,11.0,90.0,-21.0,-37.0,10.0,1
272208,US,United States,Kentucky,Jefferson County,,,21111.0,ChIJCROGK48KaYgR_WSJcx2vTro,2020-07-01,-6.0,14.0,86.0,-17.0,-37.0,10.0,2
272209,US,United States,Kentucky,Jefferson County,,,21111.0,ChIJCROGK48KaYgR_WSJcx2vTro,2020-07-02,-3.0,19.0,97.0,-18.0,-40.0,9.0,3
272210,US,United States,Kentucky,Jefferson County,,,21111.0,ChIJCROGK48KaYgR_WSJcx2vTro,2020-07-03,-10.0,17.0,134.0,-22.0,-58.0,13.0,4
272211,US,United States,Kentucky,Jefferson County,,,21111.0,ChIJCROGK48KaYgR_WSJcx2vTro,2020-07-04,-36.0,4.0,161.0,-15.0,-29.0,2.0,5
272212,US,United States,Kentucky,Jefferson County,,,21111.0,ChIJCROGK48KaYgR_WSJcx2vTro,2020-07-05,-25.0,-5.0,73.0,-29.0,-20.0,2.0,6
272213,US,United States,Kentucky,Jefferson County,,,21111.0,ChIJCROGK48KaYgR_WSJcx2vTro,2020-07-06,-12.0,5.0,55.0,-23.0,-39.0,10.0,0
272214,US,United States,Kentucky,Jefferson County,,,21111.0,ChIJCROGK48KaYgR_WSJcx2vTro,2020-07-07,-11.0,11.0,96.0,-17.0,-38.0,10.0,1
272215,US,United States,Kentucky,Jefferson County,,,21111.0,ChIJCROGK48KaYgR_WSJcx2vTro,2020-07-08,-11.0,11.0,81.0,-21.0,-37.0,10.0,2
272216,US,United States,Kentucky,Jefferson County,,,21111.0,ChIJCROGK48KaYgR_WSJcx2vTro,2020-07-09,-12.0,10.0,78.0,-22.0,-37.0,10.0,3
272217,US,United States,Kentucky,Jefferson County,,,21111.0,ChIJCROGK48KaYgR_WSJcx2vTro,2020-07-10,-15.0,8.0,110.0,-21.0,-36.0,10.0,4
272218,US,United States,Kentucky,Jefferson County,,,21111.0,ChIJCROGK48KaYgR_WSJcx2vTro,2020-07-11,-20.0,9.0,181.0,-14.0,-13.0,2.0,5
272219,US,United States,Kentucky,Jefferson County,,,21111.0,ChIJCROGK48KaYgR_WSJcx2vTro,2020-07-12,-18.0,2.0,97.0,-24.0,-15.0,3.0,6
272220,US,United States,Kentucky,Jefferson County,,,21111.0,ChIJCROGK48KaYgR_WSJcx2vTro,2020-07-13,-10.0,7.0,94.0,-22.0,-36.0,9.0,0
272221,US,United States,Kentucky,Jefferson County,,,21111.0,ChIJCROGK48KaYgR_WSJcx2vTro,2020-07-14,-9.0,11.0,124.0,-20.0,-37.0,9.0,1
272222,US,United States,Kentucky,Jefferson County,,,21111.0,ChIJCROGK48KaYgR_WSJcx2vTro,2020-07-15,-11.0,13.0,97.0,-20.0,-36.0,9.0,2
272223,US,United States,Kentucky,Jefferson County,,,21111.0,ChIJCROGK48KaYgR_WSJcx2vTro,2020-07-16,-13.0,10.0,91.0,-23.0,-37.0,10.0,3
272224,US,United States,Kentucky,Jefferson County,,,21111.0,ChIJCROGK48KaYgR_WSJcx2vTro,2020-07-17,-17.0,6.0,89.0,-23.0,-37.0,10.0,4
272225,US,United States,Kentucky,Jefferson County,,,21111.0,ChIJCROGK48KaYgR_WSJcx2vTro,2020-07-18,-19.0,9.0,183.0,-15.0,-13.0,2.0,5
272226,US,United States,Kentucky,Jefferson County,,,21111.0,ChIJCROGK48KaYgR_WSJcx2vTro,2020-07-19,-19.0,2.0,94.0,-30.0,-17.0,2.0,6
272227,US,United States,Kentucky,Jefferson County,,,21111.0,ChIJCROGK48KaYgR_WSJcx2vTro,2020-07-20,-16.0,2.0,29.0,-26.0,-38.0,10.0,0
272228,US,United States,Kentucky,Jefferson County,,,21111.0,ChIJCROGK48KaYgR_WSJcx2vTro,2020-07-21,-11.0,10.0,95.0,-21.0,-37.0,10.0,1
272229,US,United States,Kentucky,Jefferson County,,,21111.0,ChIJCROGK48KaYgR_WSJcx2vTro,2020-07-22,-14.0,9.0,49.0,-24.0,-36.0,11.0,2
272230,US,United States,Kentucky,Jefferson County,,,21111.0,ChIJCROGK48KaYgR_WSJcx2vTro,2020-07-23,-14.0,5.0,36.0,-28.0,-37.0,11.0,3
272231,US,United States,Kentucky,Jefferson County,,,21111.0,ChIJCROGK48KaYgR_WSJcx2vTro,2020-07-24,-15.0,7.0,107.0,-23.0,-36.0,9.0,4
272232,US,United States,Kentucky,Jefferson County,,,21111.0,ChIJCROGK48KaYgR_WSJcx2vTro,2020-07-25,-20.0,7.0,208.0,-14.0,-14.0,2.0,5
272233,US,United States,Kentucky,Jefferson County,,,21111.0,ChIJCROGK48KaYgR_WSJcx2vTro,2020-07-26,-19.0,0.0,93.0,-29.0,-17.0,3.0,6
272234,US,United States,Kentucky,Jefferson County,,,21111.0,ChIJCROGK48KaYgR_WSJcx2vTro,2020-07-27,-13.0,4.0,52.0,-27.0,-37.0,10.0,0
272235,US,United States,Kentucky,Jefferson County,,,21111.0,ChIJCROGK48KaYgR_WSJcx2vTro,2020-07-28,-12.0,9.0,105.0,-23.0,-36.0,10.0,1
272236,US,United States,Kentucky,Jefferson County,,,21111.0,ChIJCROGK48KaYgR_WSJcx2vTro,2020-07-29,-13.0,9.0,93.0,-23.0,-37.0,10.0,2
272237,US,United States,Kentucky,Jefferson County,,,21111.0,ChIJCROGK48KaYgR_WSJcx2vTro,2020-07-30,-21.0,-1.0,-5.0,-30.0,-39.0,13.0,3
272238,US,United States,Kentucky,Jefferson County,,,21111.0,ChIJCROGK48KaYgR_WSJcx2vTro,2020-07-31,-17.0,5.0,44.0,-23.0,-38.0,11.0,4
272239,US,United States,Kentucky,Jefferson County,,,21111.0,ChIJCROGK48KaYgR_WSJcx2vTro,2020-08-01,-20.0,7.0,99.0,-18.0,-17.0,4.0,5
272240,US,United States,Kentucky,Jefferson County,,,21111.0,ChIJCROGK48KaYgR_WSJcx2vTro,2020-08-02,-17.0,2.0,121.0,-24.0,-16.0,2.0,6
272241,US,United States,Kentucky,Jefferson County,,,21111.0,ChIJCROGK48KaYgR_WSJcx2vTro,2020-08-03,-11.0,6.0,50.0,-24.0,-37.0,10.0,0
272242,US,United States,Kentucky,Jefferson County,,,21111.0,ChIJCROGK48KaYgR_WSJcx2vTro,2020-08-04,-9.0,10.0,117.0,-16.0,-37.0,9.0,1
272243,US,United States,Kentucky,Jefferson County,,,21111.0,ChIJCROGK48KaYgR_WSJcx2vTro,2020-08-05,-11.0,11.0,130.0,-19.0,-37.0,9.0,2
272244,US,United States,Kentucky,Jefferson County,,,21111.0,ChIJCROGK48KaYgR_WSJcx2vTro,2020-08-06,-12.0,7.0,112.0,-20.0,-38.0,9.0,3
272245,US,United States,Kentucky,Jefferson County,,,21111.0,ChIJCROGK48KaYgR_WSJcx2vTro,2020-08-07,-15.0,7.0,133.0,-18.0,-37.0,9.0,4
272246,US,United States,Kentucky,Jefferson County,,,21111.0,ChIJCROGK48KaYgR_WSJcx2vTro,2020-08-08,-17.0,9.0,223.0,-7.0,-13.0,1.0,5
272247,US,United States,Kentucky,Jefferson County,,,21111.0,ChIJCROGK48KaYgR_WSJcx2vTro,2020-08-09,-20.0,1.0,116.0,-22.0,-16.0,2.0,6
272248,US,United States,Kentucky,Jefferson County,,,21111.0,ChIJCROGK48KaYgR_WSJcx2vTro,2020-08-10,-15.0,1.0,53.0,-24.0,-37.0,10.0,0
272249,US,United States,Kentucky,Jefferson County,,,21111.0,ChIJCROGK48KaYgR_WSJcx2vTro,2020-08-11,-12.0,8.0,110.0,-21.0,-37.0,10.0,1
272250,US,United States,Kentucky,Jefferson County,,,21111.0,ChIJCROGK48KaYgR_WSJcx2vTro,2020-08-12,-14.0,8.0,90.0,-25.0,-36.0,10.0,2
272251,US,United States,Kentucky,Jefferson County,,,21111.0,ChIJCROGK48KaYgR_WSJcx2vTro,2020-08-13,-18.0,3.0,48.0,-28.0,-37.0,11.0,3
272252,US,United States,Kentucky,Jefferson County,,,21111.0,ChIJCROGK48KaYgR_WSJcx2vTro,2020-08-14,-18.0,2.0,57.0,-26.0,-38.0,11.0,4
272253,US,United States,Kentucky,Jefferson County,,,21111.0,ChIJCROGK48KaYgR_WSJcx2vTro,2020-08-15,-18.0,10.0,195.0,-15.0,-14.0,2.0,5
272254,US,United States,Kentucky,Jefferson County,,,21111.0,ChIJCROGK48KaYgR_WSJcx2vTro,2020-08-16,-19.0,1.0,124.0,-27.0,-16.0,2.0,6
272255,US,United States,Kentucky,Jefferson County,,,21111.0,ChIJCROGK48KaYgR_WSJcx2vTro,2020-08-17,-15.0,3.0,,-24.0,-37.0,9.0,0
272256,US,United States,Kentucky,Jefferson County,,,21111.0,ChIJCROGK48KaYgR_WSJcx2vTro,2020-08-18,-15.0,5.0,,-23.0,-36.0,10.0,1
272257,US,United States,Kentucky,Jefferson County,,,21111.0,ChIJCROGK48KaYgR_WSJcx2vTro,2020-08-19,-13.0,8.0,,-23.0,-36.0,9.0,2
272258,US,United States,Kentucky,Jefferson County,,,21111.0,ChIJCROGK48KaYgR_WSJcx2vTro,2020-08-20,-13.0,6.0,,-20.0,-36.0,8.0,3
272259,US,United States,Kentucky,Jefferson County,,,21111.0,ChIJCROGK48KaYgR_WSJcx2vTro,2020-08-21,-19.0,2.0,,-23.0,-36.0,10.0,4
272260,US,United States,Kentucky,Jefferson County,,,21111.0,ChIJCROGK48KaYgR_WSJcx2vTro,2020-08-22,-21.0,4.0,,-19.0,-15.0,3.0,5
272261,US,United States,Kentucky,Jefferson County,,,21111.0,ChIJCROGK48KaYgR_WSJcx2vTro,2020-08-23,-20.0,-1.0,,-26.0,-15.0,2.0,6
272262,US,United States,Kentucky,Jefferson County,,,21111.0,ChIJCROGK48KaYgR_WSJcx2vTro,2020-08-24,-15.0,2.0,,-23.0,-37.0,9.0,0
272263,US,United States,Kentucky,Jefferson County,,,21111.0,ChIJCROGK48KaYgR_WSJcx2vTro,2020-08-25,-19.0,2.0,,-23.0,-39.0,11.0,1
272264,US,United States,Kentucky,Jefferson County,,,21111.0,ChIJCROGK48KaYgR_WSJcx2vTro,2020-08-26,-16.0,6.0,,-21.0,-35.0,10.0,2
272265,US,United States,Kentucky,Jefferson County,,,21111.0,ChIJCROGK48KaYgR_WSJcx2vTro,2020-08-27,-18.0,3.0,,-23.0,-36.0,10.0,3
272266,US,United States,Kentucky,Jefferson County,,,21111.0,ChIJCROGK48KaYgR_WSJcx2vTro,2020-08-28,-21.0,-2.0,,-27.0,-36.0,11.0,4
272267,US,United States,Kentucky,Jefferson County,,,21111.0,ChIJCROGK48KaYgR_WSJcx2vTro,2020-08-29,-19.0,4.0,,-14.0,-13.0,3.0,5
272268,US,United States,Kentucky,Jefferson County,,,21111.0,ChIJCROGK48KaYgR_WSJcx2vTro,2020-08-30,-19.0,-3.0,,-25.0,-14.0,2.0,6
272269,US,United States,Kentucky,Jefferson County,,,21111.0,ChIJCROGK48KaYgR_WSJcx2vTro,2020-08-31,-17.0,-1.0,,-24.0,-36.0,10.0,0
272270,US,United States,Kentucky,Jefferson County,,,21111.0,ChIJCROGK48KaYgR_WSJcx2vTro,2020-09-01,-13.0,9.0,,-19.0,-36.0,9.0,1
272271,US,United States,Kentucky,Jefferson County,,,21111.0,ChIJCROGK48KaYgR_WSJcx2vTro,2020-09-02,-15.0,5.0,,-20.0,-35.0,10.0,2
272272,US,United States,Kentucky,Jefferson County,,,21111.0,ChIJCROGK48KaYgR_WSJcx2vTro,2020-09-03,-13.0,8.0,,-21.0,-36.0,9.0,3
272273,US,United States,Kentucky,Jefferson County,,,21111.0,ChIJCROGK48KaYgR_WSJcx2vTro,2020-09-04,-15.0,8.0,,-19.0,-39.0,8.0,4
272274,US,United States,Kentucky,Jefferson County,,,21111.0,ChIJCROGK48KaYgR_WSJcx2vTro,2020-09-05,-24.0,7.0,,-11.0,-18.0,1.0,5
272275,US,United States,Kentucky,Jefferson County,,,21111.0,ChIJCROGK48KaYgR_WSJcx2vTro,2020-09-06,-18.0,-3.0,,-27.0,-19.0,0.0,6
272276,US,United States,Kentucky,Jefferson County,,,21111.0,ChIJCROGK48KaYgR_WSJcx2vTro,2020-09-07,-20.0,-5.0,,-34.0,-71.0,16.0,0
272277,US,United States,Kentucky,Jefferson County,,,21111.0,ChIJCROGK48KaYgR_WSJcx2vTro,2020-09-08,-16.0,6.0,,-24.0,-38.0,9.0,1
272278,US,United States,Kentucky,Jefferson County,,,21111.0,ChIJCROGK48KaYgR_WSJcx2vTro,2020-09-09,-17.0,6.0,,-19.0,-36.0,9.0,2
272279,US,United States,Kentucky,Jefferson County,,,21111.0,ChIJCROGK48KaYgR_WSJcx2vTro,2020-09-10,-18.0,4.0,,-20.0,-36.0,9.0,3
272280,US,United States,Kentucky,Jefferson County,,,21111.0,ChIJCROGK48KaYgR_WSJcx2vTro,2020-09-11,-20.0,0.0,94.0,-21.0,-35.0,9.0,4
272281,US,United States,Kentucky,Jefferson County,,,21111.0,ChIJCROGK48KaYgR_WSJcx2vTro,2020-09-12,-20.0,2.0,168.0,-9.0,-11.0,2.0,5
272282,US,United States,Kentucky,Jefferson County,,,21111.0,ChIJCROGK48KaYgR_WSJcx2vTro,2020-09-13,-22.0,-4.0,82.0,-30.0,-14.0,3.0,6
272283,US,United States,Kentucky,Jefferson County,,,21111.0,ChIJCROGK48KaYgR_WSJcx2vTro,2020-09-14,-16.0,-1.0,79.0,-22.0,-34.0,8.0,0
272284,US,United States,Kentucky,Jefferson County,,,21111.0,ChIJCROGK48KaYgR_WSJcx2vTro,2020-09-15,-13.0,6.0,104.0,-17.0,-33.0,8.0,1
272285,US,United States,Kentucky,Jefferson County,,,21111.0,ChIJCROGK48KaYgR_WSJcx2vTro,2020-09-16,-15.0,4.0,90.0,-20.0,-34.0,9.0,2
272286,US,United States,Kentucky,Jefferson County,,,21111.0,ChIJCROGK48KaYgR_WSJcx2vTro,2020-09-17,-15.0,3.0,94.0,-22.0,-34.0,8.0,3
272287,US,United States,Kentucky,Jefferson County,,,21111.0,ChIJCROGK48KaYgR_WSJcx2vTro,2020-09-18,-16.0,1.0,106.0,-20.0,-33.0,8.0,4
272288,US,United States,Kentucky,Jefferson County,,,21111.0,ChIJCROGK48KaYgR_WSJcx2vTro,2020-09-19,-16.0,5.0,211.0,-12.0,-11.0,0.0,5
272289,US,United States,Kentucky,Jefferson County,,,21111.0,ChIJCROGK48KaYgR_WSJcx2vTro,2020-09-20,-18.0,-3.0,121.0,-29.0,-13.0,1.0,6
272290,US,United States,Kentucky,Jefferson County,,,21111.0,ChIJCROGK48KaYgR_WSJcx2vTro,2020-09-21,-15.0,0.0,72.0,-23.0,-35.0,8.0,0
272291,US,United States,Kentucky,Jefferson County,,,21111.0,ChIJCROGK48KaYgR_WSJcx2vTro,2020-09-22,-18.0,1.0,81.0,-21.0,-36.0,10.0,1
272292,US,United States,Kentucky,Jefferson County,,,21111.0,ChIJCROGK48KaYgR_WSJcx2vTro,2020-09-23,-25.0,-4.0,37.0,-26.0,-36.0,12.0,2
272293,US,United States,Kentucky,Jefferson County,,,21111.0,ChIJCROGK48KaYgR_WSJcx2vTro,2020-09-24,-22.0,-3.0,52.0,-29.0,-38.0,11.0,3
272294,US,United States,Kentucky,Jefferson County,,,21111.0,ChIJCROGK48KaYgR_WSJcx2vTro,2020-09-25,-23.0,-3.0,72.0,-26.0,-35.0,10.0,4
272295,US,United States,Kentucky,Jefferson County,,,21111.0,ChIJCROGK48KaYgR_WSJcx2vTro,2020-09-26,-24.0,0.0,162.0,-16.0,-10.0,2.0,5
272296,US,United States,Kentucky,Jefferson County,,,21111.0,ChIJCROGK48KaYgR_WSJcx2vTro,2020-09-27,-21.0,-6.0,99.0,-32.0,-11.0,1.0,6
272297,US,United States,Kentucky,Jefferson County,,,21111.0,ChIJCROGK48KaYgR_WSJcx2vTro,2020-09-28,-22.0,-7.0,-15.0,-29.0,-35.0,11.0,0
272298,US,United States,Kentucky,Jefferson County,,,21111.0,ChIJCROGK48KaYgR_WSJcx2vTro,2020-09-29,-16.0,3.0,48.0,-22.0,-33.0,9.0,1
272299,US,United States,Kentucky,Jefferson County,,,21111.0,ChIJCROGK48KaYgR_WSJcx2vTro,2020-09-30,-15.0,5.0,70.0,-22.0,-33.0,9.0,2
272300,US,United States,Kentucky,Jefferson County,,,21111.0,ChIJCROGK48KaYgR_WSJcx2vTro,2020-10-01,-14.0,6.0,55.0,-22.0,-32.0,8.0,3
272301,US,United States,Kentucky,Jefferson County,,,21111.0,ChIJCROGK48KaYgR_WSJcx2vTro,2020-10-02,-16.0,3.0,73.0,-20.0,-33.0,8.0,4
272302,US,United States,Kentucky,Jefferson County,,,21111.0,ChIJCROGK48KaYgR_WSJcx2vTro,2020-10-03,-19.0,5.0,160.0,-9.0,-11.0,0.0,5
272303,US,United States,Kentucky,Jefferson County,,,21111.0,ChIJCROGK48KaYgR_WSJcx2vTro,2020-10-04,-22.0,-5.0,44.0,-33.0,-15.0,2.0,6
272304,US,United States,Kentucky,Jefferson County,,,21111.0,ChIJCROGK48KaYgR_WSJcx2vTro,2020-10-05,-14.0,-1.0,48.0,-23.0,-36.0,8.0,0
272305,US,United States,Kentucky,Jefferson County,,,21111.0,ChIJCROGK48KaYgR_WSJcx2vTro,2020-10-06,-15.0,2.0,83.0,-20.0,-33.0,8.0,1
272306,US,United States,Kentucky,Jefferson County,,,21111.0,ChIJCROGK48KaYgR_WSJcx2vTro,2020-10-07,-17.0,2.0,85.0,-21.0,-32.0,8.0,2
272307,US,United States,Kentucky,Jefferson County,,,21111.0,ChIJCROGK48KaYgR_WSJcx2vTro,2020-10-08,-17.0,1.0,79.0,-23.0,-32.0,8.0,3
272308,US,United States,Kentucky,Jefferson County,,,21111.0,ChIJCROGK48KaYgR_WSJcx2vTro,2020-10-09,-19.0,0.0,99.0,-22.0,-32.0,8.0,4
272309,US,United States,Kentucky,Jefferson County,,,21111.0,ChIJCROGK48KaYgR_WSJcx2vTro,2020-10-10,-21.0,2.0,144.0,-18.0,-9.0,2.0,5
272310,US,United States,Kentucky,Jefferson County,,,21111.0,ChIJCROGK48KaYgR_WSJcx2vTro,2020-10-11,-22.0,-5.0,75.0,-33.0,-12.0,3.0,6
272311,US,United States,Kentucky,Jefferson County,,,21111.0,ChIJCROGK48KaYgR_WSJcx2vTro,2020-10-12,-20.0,-5.0,34.0,-24.0,-36.0,10.0,0
272312,US,United States,Kentucky,Jefferson County,,,21111.0,ChIJCROGK48KaYgR_WSJcx2vTro,2020-10-13,-15.0,3.0,92.0,-18.0,-33.0,8.0,1
272313,US,United States,Kentucky,Jefferson County,,,21111.0,ChIJCROGK48KaYgR_WSJcx2vTro,2020-10-14,-15.0,5.0,88.0,-20.0,-31.0,8.0,2
272314,US,United States,Kentucky,Jefferson County,,,21111.0,ChIJCROGK48KaYgR_WSJcx2vTro,2020-10-15,-19.0,1.0,20.0,-24.0,-33.0,10.0,3
272315,US,United States,Kentucky,Jefferson County,,,21111.0,ChIJCROGK48KaYgR_WSJcx2vTro,2020-10-16,-18.0,2.0,78.0,-22.0,-32.0,8.0,4
272316,US,United States,Kentucky,Jefferson County,,,21111.0,ChIJCROGK48KaYgR_WSJcx2vTro,2020-10-17,-20.0,3.0,166.0,-12.0,-10.0,1.0,5
272317,US,United States,Kentucky,Jefferson County,,,21111.0,ChIJCROGK48KaYgR_WSJcx2vTro,2020-10-18,-26.0,-7.0,33.0,-32.0,-13.0,3.0,6
272318,US,United States,Kentucky,Jefferson County,,,21111.0,ChIJCROGK48KaYgR_WSJcx2vTro,2020-10-19,-24.0,-8.0,-24.0,-28.0,-35.0,11.0,0
272319,US,United States,Kentucky,Jefferson County,,,21111.0,ChIJCROGK48KaYgR_WSJcx2vTro,2020-10-20,-20.0,0.0,22.0,-22.0,-33.0,10.0,1
272320,US,United States,Kentucky,Jefferson County,,,21111.0,ChIJCROGK48KaYgR_WSJcx2vTro,2020-10-21,-18.0,2.0,82.0,-19.0,-31.0,9.0,2
272321,US,United States,Kentucky,Jefferson County,,,21111.0,ChIJCROGK48KaYgR_WSJcx2vTro,2020-10-22,-18.0,1.0,92.0,-18.0,-32.0,8.0,3
272322,US,United States,Kentucky,Jefferson County,,,21111.0,ChIJCROGK48KaYgR_WSJcx2vTro,2020-10-23,-22.0,-3.0,58.0,-21.0,-32.0,10.0,4
272323,US,United States,Kentucky,Jefferson County,,,21111.0,ChIJCROGK48KaYgR_WSJcx2vTro,2020-10-24,-19.0,3.0,115.0,-16.0,-10.0,2.0,5
272324,US,United States,Kentucky,Jefferson County,,,21111.0,ChIJCROGK48KaYgR_WSJcx2vTro,2020-10-25,-24.0,-8.0,37.0,-31.0,-13.0,3.0,6
272325,US,United States,Kentucky,Jefferson County,,,21111.0,ChIJCROGK48KaYgR_WSJcx2vTro,2020-10-26,-20.0,-4.0,10.0,-24.0,-34.0,9.0,0
272326,US,United States,Kentucky,Jefferson County,,,21111.0,ChIJCROGK48KaYgR_WSJcx2vTro,2020-10-27,-18.0,1.0,24.0,-22.0,-33.0,10.0,1
272327,US,United States,Kentucky,Jefferson County,,,21111.0,ChIJCROGK48KaYgR_WSJcx2vTro,2020-10-28,-18.0,4.0,33.0,-25.0,-32.0,10.0,2
272328,US,United States,Kentucky,Jefferson County,,,21111.0,ChIJCROGK48KaYgR_WSJcx2vTro,2020-10-29,-23.0,-5.0,-24.0,-32.0,-34.0,12.0,3
272329,US,United States,Kentucky,Jefferson County,,,21111.0,ChIJCROGK48KaYgR_WSJcx2vTro,2020-10-30,-16.0,6.0,57.0,-24.0,-33.0,8.0,4
272330,US,United States,Kentucky,Jefferson County,,,21111.0,ChIJCROGK48KaYgR_WSJcx2vTro,2020-10-31,-21.0,9.0,118.0,-15.0,-11.0,1.0,5
272331,US,United States,Kentucky,Jefferson County,,,21111.0,ChIJCROGK48KaYgR_WSJcx2vTro,2020-11-01,-23.0,-5.0,33.0,-35.0,-13.0,3.0,6
272332,US,United States,Kentucky,Jefferson County,,,21111.0,ChIJCROGK48KaYgR_WSJcx2vTro,2020-11-02,-18.0,-2.0,0.0,-27.0,-34.0,9.0,0
272333,US,United States,Kentucky,Jefferson County,,,21111.0,ChIJCROGK48KaYgR_WSJcx2vTro,2020-11-03,-12.0,6.0,56.0,-22.0,-37.0,10.0,1
272334,US,United States,Kentucky,Jefferson County,,,21111.0,ChIJCROGK48KaYgR_WSJcx2vTro,2020-11-04,-21.0,0.0,42.0,-25.0,-32.0,10.0,2
272335,US,United States,Kentucky,Jefferson County,,,21111.0,ChIJCROGK48KaYgR_WSJcx2vTro,2020-11-05,-21.0,1.0,30.0,-26.0,-32.0,10.0,3
272336,US,United States,Kentucky,Jefferson County,,,21111.0,ChIJCROGK48KaYgR_WSJcx2vTro,2020-11-06,-20.0,-3.0,56.0,-26.0,-32.0,10.0,4
272337,US,United States,Kentucky,Jefferson County,,,21111.0,ChIJCROGK48KaYgR_WSJcx2vTro,2020-11-07,-20.0,2.0,141.0,-20.0,-9.0,2.0,5
272338,US,United States,Kentucky,Jefferson County,,,21111.0,ChIJCROGK48KaYgR_WSJcx2vTro,2020-11-08,-22.0,-5.0,90.0,-34.0,-12.0,2.0,6
272339,US,United States,Kentucky,Jefferson County,,,21111.0,ChIJCROGK48KaYgR_WSJcx2vTro,2020-11-09,-20.0,-3.0,36.0,-26.0,-33.0,9.0,0
272340,US,United States,Kentucky,Jefferson County,,,21111.0,ChIJCROGK48KaYgR_WSJcx2vTro,2020-11-10,-18.0,1.0,38.0,-23.0,-33.0,10.0,1
272341,US,United States,Kentucky,Jefferson County,,,21111.0,ChIJCROGK48KaYgR_WSJcx2vTro,2020-11-11,-17.0,2.0,22.0,-25.0,-36.0,12.0,2
272342,US,United States,Kentucky,Jefferson County,,,21111.0,ChIJCROGK48KaYgR_WSJcx2vTro,2020-11-12,-21.0,0.0,12.0,-27.0,-33.0,11.0,3
272343,US,United States,Kentucky,Jefferson County,,,21111.0,ChIJCROGK48KaYgR_WSJcx2vTro,2020-11-13,-20.0,0.0,37.0,-25.0,-33.0,10.0,4
272344,US,United States,Kentucky,Jefferson County,,,21111.0,ChIJCROGK48KaYgR_WSJcx2vTro,2020-11-14,-23.0,1.0,39.0,-23.0,-10.0,4.0,5
272345,US,United States,Kentucky,Jefferson County,,,21111.0,ChIJCROGK48KaYgR_WSJcx2vTro,2020-11-15,-25.0,-6.0,-11.0,-38.0,-14.0,4.0,6
272346,US,United States,Kentucky,Jefferson County,,,21111.0,ChIJCROGK48KaYgR_WSJcx2vTro,2020-11-16,-21.0,-2.0,2.0,-28.0,-34.0,10.0,0
272347,US,United States,Kentucky,Jefferson County,,,21111.0,ChIJCROGK48KaYgR_WSJcx2vTro,2020-11-17,-20.0,4.0,9.0,-25.0,-34.0,10.0,1
272348,US,United States,Kentucky,Jefferson County,,,21111.0,ChIJCROGK48KaYgR_WSJcx2vTro,2020-11-18,-21.0,4.0,2.0,-27.0,-33.0,11.0,2
272349,US,United States,Kentucky,Jefferson County,,,21111.0,ChIJCROGK48KaYgR_WSJcx2vTro,2020-11-19,-20.0,4.0,18.0,-27.0,-33.0,10.0,3
272350,US,United States,Kentucky,Jefferson County,,,21111.0,ChIJCROGK48KaYgR_WSJcx2vTro,2020-11-20,-25.0,1.0,40.0,-27.0,-33.0,11.0,4
272351,US,United States,Kentucky,Jefferson County,,,21111.0,ChIJCROGK48KaYgR_WSJcx2vTro,2020-11-21,-32.0,2.0,13.0,-26.0,-12.0,6.0,5
272352,US,United States,Kentucky,Jefferson County,,,21111.0,ChIJCROGK48KaYgR_WSJcx2vTro,2020-11-22,-35.0,-8.0,-38.0,-32.0,-14.0,6.0,6
272353,US,United States,Kentucky,Jefferson County,,,21111.0,ChIJCROGK48KaYgR_WSJcx2vTro,2020-11-23,-22.0,2.0,-1.0,-26.0,-36.0,10.0,0
272354,US,United States,Kentucky,Jefferson County,,,21111.0,ChIJCROGK48KaYgR_WSJcx2vTro,2020-11-24,-17.0,12.0,17.0,-20.0,-36.0,10.0,1
272355,US,United States,Kentucky,Jefferson County,,,21111.0,ChIJCROGK48KaYgR_WSJcx2vTro,2020-11-25,-13.0,26.0,-12.0,-23.0,-41.0,11.0,2
272356,US,United States,Kentucky,Jefferson County,,,21111.0,ChIJCROGK48KaYgR_WSJcx2vTro,2020-11-26,-75.0,-24.0,0.0,-54.0,-80.0,23.0,3
272357,US,United States,Kentucky,Jefferson County,,,21111.0,ChIJCROGK48KaYgR_WSJcx2vTro,2020-11-27,-32.0,-12.0,55.0,-37.0,-60.0,18.0,4
272358,US,United States,Kentucky,Jefferson County,,,21111.0,ChIJCROGK48KaYgR_WSJcx2vTro,2020-11-28,-34.0,-8.0,58.0,-14.0,-16.0,6.0,5
272359,US,United States,Kentucky,Jefferson County,,,21111.0,ChIJCROGK48KaYgR_WSJcx2vTro,2020-11-29,-33.0,-12.0,0.0,-22.0,-15.0,5.0,6
272360,US,United States,Kentucky,Jefferson County,,,21111.0,ChIJCROGK48KaYgR_WSJcx2vTro,2020-11-30,-28.0,-9.0,-40.0,-28.0,-37.0,13.0,0
272361,US,United States,Kentucky,Jefferson County,,,21111.0,ChIJCROGK48KaYgR_WSJcx2vTro,2020-12-01,-23.0,2.0,-13.0,-23.0,-36.0,11.0,1
272362,US,United States,Kentucky,Jefferson County,,,21111.0,ChIJCROGK48KaYgR_WSJcx2vTro,2020-12-02,-25.0,1.0,0.0,-25.0,-34.0,12.0,2
272363,US,United States,Kentucky,Jefferson County,,,21111.0,ChIJCROGK48KaYgR_WSJcx2vTro,2020-12-03,-25.0,2.0,-9.0,-28.0,-35.0,12.0,3
272364,US,United States,Kentucky,Jefferson County,,,21111.0,ChIJCROGK48KaYgR_WSJcx2vTro,2020-12-04,-28.0,-2.0,-8.0,-26.0,-34.0,13.0,4
272365,US,United States,Kentucky,Jefferson County,,,21111.0,ChIJCROGK48KaYgR_WSJcx2vTro,2020-12-05,-25.0,5.0,64.0,-23.0,-9.0,5.0,5
272366,US,United States,Kentucky,Jefferson County,,,21111.0,ChIJCROGK48KaYgR_WSJcx2vTro,2020-12-06,-31.0,-8.0,-7.0,-26.0,-14.0,5.0,6
272367,US,United States,Kentucky,Jefferson County,,,21111.0,ChIJCROGK48KaYgR_WSJcx2vTro,2020-12-07,-26.0,-5.0,-21.0,-28.0,-36.0,11.0,0
272368,US,United States,Kentucky,Jefferson County,,,21111.0,ChIJCROGK48KaYgR_WSJcx2vTro,2020-12-08,-25.0,0.0,-8.0,-25.0,-34.0,11.0,1
272369,US,United States,Kentucky,Jefferson County,,,21111.0,ChIJCROGK48KaYgR_WSJcx2vTro,2020-12-09,-23.0,3.0,25.0,-26.0,-34.0,11.0,2
272370,US,United States,Kentucky,Jefferson County,,,21111.0,ChIJCROGK48KaYgR_WSJcx2vTro,2020-12-10,-24.0,1.0,33.0,-26.0,-35.0,11.0,3
272371,US,United States,Kentucky,Jefferson County,,,21111.0,ChIJCROGK48KaYgR_WSJcx2vTro,2020-12-11,-23.0,2.0,61.0,-22.0,-34.0,11.0,4
272372,US,United States,Kentucky,Jefferson County,,,21111.0,ChIJCROGK48KaYgR_WSJcx2vTro,2020-12-12,-24.0,5.0,66.0,-13.0,-10.0,5.0,5
272373,US,United States,Kentucky,Jefferson County,,,21111.0,ChIJCROGK48KaYgR_WSJcx2vTro,2020-12-13,-29.0,-5.0,-4.0,-22.0,-12.0,5.0,6
272374,US,United States,Kentucky,Jefferson County,,,21111.0,ChIJCROGK48KaYgR_WSJcx2vTro,2020-12-14,-21.0,-5.0,-28.0,-27.0,-35.0,11.0,0
272375,US,United States,Kentucky,Jefferson County,,,21111.0,ChIJCROGK48KaYgR_WSJcx2vTro,2020-12-15,-18.0,2.0,-9.0,-23.0,-35.0,11.0,1
272376,US,United States,Kentucky,Jefferson County,,,21111.0,ChIJCROGK48KaYgR_WSJcx2vTro,2020-12-16,-24.0,-1.0,-32.0,-26.0,-34.0,12.0,2
272377,US,United States,Kentucky,Jefferson County,,,21111.0,ChIJCROGK48KaYgR_WSJcx2vTro,2020-12-17,-20.0,3.0,-21.0,-26.0,-34.0,12.0,3
272378,US,United States,Kentucky,Jefferson County,,,21111.0,ChIJCROGK48KaYgR_WSJcx2vTro,2020-12-18,-20.0,2.0,9.0,-19.0,-33.0,11.0,4
272379,US,United States,Kentucky,Jefferson County,,,21111.0,ChIJCROGK48KaYgR_WSJcx2vTro,2020-12-19,-21.0,8.0,27.0,21.0,-6.0,3.0,5
272380,US,United States,Kentucky,Jefferson County,,,21111.0,ChIJCROGK48KaYgR_WSJcx2vTro,2020-12-20,-19.0,1.0,-8.0,-13.0,-10.0,3.0,6
272381,US,United States,Kentucky,Jefferson County,,,21111.0,ChIJCROGK48KaYgR_WSJcx2vTro,2020-12-21,-9.0,7.0,3.0,-22.0,-37.0,9.0,0
272382,US,United States,Kentucky,Jefferson County,,,21111.0,ChIJCROGK48KaYgR_WSJcx2vTro,2020-12-22,-4.0,17.0,20.0,-17.0,-37.0,9.0,1
272383,US,United States,Kentucky,Jefferson County,,,21111.0,ChIJCROGK48KaYgR_WSJcx2vTro,2020-12-23,2.0,34.0,8.0,-14.0,-39.0,9.0,2
272384,US,United States,Kentucky,Jefferson County,,,21111.0,ChIJCROGK48KaYgR_WSJcx2vTro,2020-12-24,-20.0,30.0,-29.0,-41.0,-63.0,16.0,3
272385,US,United States,Kentucky,Jefferson County,,,21111.0,ChIJCROGK48KaYgR_WSJcx2vTro,2020-12-25,-87.0,-55.0,-42.0,-58.0,-84.0,26.0,4
272386,US,United States,Kentucky,Jefferson County,,,21111.0,ChIJCROGK48KaYgR_WSJcx2vTro,2020-12-26,-35.0,-11.0,1.0,-30.0,-27.0,8.0,5
272387,US,United States,Kentucky,Jefferson County,,,21111.0,ChIJCROGK48KaYgR_WSJcx2vTro,2020-12-27,-31.0,-15.0,10.0,-28.0,-19.0,5.0,6
272388,US,United States,Kentucky,Jefferson County,,,21111.0,ChIJCROGK48KaYgR_WSJcx2vTro,2020-12-28,-18.0,-5.0,-16.0,-30.0,-44.0,13.0,0
272389,US,United States,Kentucky,Jefferson County,,,21111.0,ChIJCROGK48KaYgR_WSJcx2vTro,2020-12-29,-16.0,0.0,-5.0,-26.0,-44.0,14.0,1
272390,US,United States,Kentucky,Jefferson County,,,21111.0,ChIJCROGK48KaYgR_WSJcx2vTro,2020-12-30,-16.0,5.0,-21.0,-27.0,-43.0,14.0,2
272391,US,United States,Kentucky,Jefferson County,,,21111.0,ChIJCROGK48KaYgR_WSJcx2vTro,2020-12-31,-8.0,22.0,-30.0,-40.0,-53.0,14.0,3
271458,US,United States,Kentucky,Jefferson County,,,21111.0,ChIJCROGK48KaYgR_WSJcx2vTro,2021-01-01,-41.0,-26.0,-4.0,-56.0,-75.0,26.0,4
271459,US,United States,Kentucky,Jefferson County,,,21111.0,ChIJCROGK48KaYgR_WSJcx2vTro,2021-01-02,-27.0,-5.0,8.0,-26.0,-22.0,7.0,5
271460,US,United States,Kentucky,Jefferson County,,,21111.0,ChIJCROGK48KaYgR_WSJcx2vTro,2021-01-03,-30.0,-13.0,-33.0,-36.0,-18.0,6.0,6
271461,US,United States,Kentucky,Jefferson County,,,21111.0,ChIJCROGK48KaYgR_WSJcx2vTro,2021-01-04,-20.0,-3.0,-12.0,-28.0,-35.0,11.0,0
271462,US,United States,Kentucky,Jefferson County,,,21111.0,ChIJCROGK48KaYgR_WSJcx2vTro,2021-01-05,-22.0,0.0,-22.0,-29.0,-35.0,12.0,1
271463,US,United States,Kentucky,Jefferson County,,,21111.0,ChIJCROGK48KaYgR_WSJcx2vTro,2021-01-06,-25.0,-3.0,-21.0,-31.0,-34.0,12.0,2
271464,US,United States,Kentucky,Jefferson County,,,21111.0,ChIJCROGK48KaYgR_WSJcx2vTro,2021-01-07,-27.0,-4.0,-26.0,-35.0,-35.0,13.0,3
271465,US,United States,Kentucky,Jefferson County,,,21111.0,ChIJCROGK48KaYgR_WSJcx2vTro,2021-01-08,-29.0,-8.0,-24.0,-37.0,-34.0,14.0,4
271466,US,United States,Kentucky,Jefferson County,,,21111.0,ChIJCROGK48KaYgR_WSJcx2vTro,2021-01-09,-26.0,-3.0,-15.0,-34.0,-13.0,6.0,5
271467,US,United States,Kentucky,Jefferson County,,,21111.0,ChIJCROGK48KaYgR_WSJcx2vTro,2021-01-10,-29.0,-10.0,-35.0,-43.0,-16.0,6.0,6
271468,US,United States,Kentucky,Jefferson County,,,21111.0,ChIJCROGK48KaYgR_WSJcx2vTro,2021-01-11,-24.0,-6.0,-36.0,-34.0,-35.0,12.0,0
271469,US,United States,Kentucky,Jefferson County,,,21111.0,ChIJCROGK48KaYgR_WSJcx2vTro,2021-01-12,-22.0,0.0,-13.0,-29.0,-35.0,12.0,1
271470,US,United States,Kentucky,Jefferson County,,,21111.0,ChIJCROGK48KaYgR_WSJcx2vTro,2021-01-13,-24.0,-2.0,-1.0,-30.0,-34.0,12.0,2
271471,US,United States,Kentucky,Jefferson County,,,21111.0,ChIJCROGK48KaYgR_WSJcx2vTro,2021-01-14,-26.0,-5.0,-2.0,-32.0,-35.0,12.0,3
271472,US,United States,Kentucky,Jefferson County,,,21111.0,ChIJCROGK48KaYgR_WSJcx2vTro,2021-01-15,-28.0,-7.0,-12.0,-36.0,-35.0,12.0,4
271473,US,United States,Kentucky,Jefferson County,,,21111.0,ChIJCROGK48KaYgR_WSJcx2vTro,2021-01-16,-32.0,-10.0,-11.0,-35.0,-16.0,7.0,5
271474,US,United States,Kentucky,Jefferson County,,,21111.0,ChIJCROGK48KaYgR_WSJcx2vTro,2021-01-17,-34.0,-17.0,-44.0,-46.0,-19.0,6.0,6
271475,US,United States,Kentucky,Jefferson County,,,21111.0,ChIJCROGK48KaYgR_WSJcx2vTro,2021-01-18,-26.0,-12.0,-30.0,-38.0,-48.0,15.0,0
271476,US,United States,Kentucky,Jefferson County,,,21111.0,ChIJCROGK48KaYgR_WSJcx2vTro,2021-01-19,-27.0,-4.0,2.0,-29.0,-35.0,11.0,1
271477,US,United States,Kentucky,Jefferson County,,,21111.0,ChIJCROGK48KaYgR_WSJcx2vTro,2021-01-20,-28.0,-7.0,-14.0,-31.0,-34.0,12.0,2
271478,US,United States,Kentucky,Jefferson County,,,21111.0,ChIJCROGK48KaYgR_WSJcx2vTro,2021-01-21,-28.0,-8.0,1.0,-33.0,-34.0,11.0,3
271479,US,United States,Kentucky,Jefferson County,,,21111.0,ChIJCROGK48KaYgR_WSJcx2vTro,2021-01-22,-28.0,-7.0,-6.0,-34.0,-33.0,12.0,4
271480,US,United States,Kentucky,Jefferson County,,,21111.0,ChIJCROGK48KaYgR_WSJcx2vTro,2021-01-23,-26.0,-5.0,15.0,-33.0,-11.0,5.0,5
271481,US,United States,Kentucky,Jefferson County,,,21111.0,ChIJCROGK48KaYgR_WSJcx2vTro,2021-01-24,-36.0,-17.0,-50.0,-47.0,-18.0,6.0,6
271482,US,United States,Kentucky,Jefferson County,,,21111.0,ChIJCROGK48KaYgR_WSJcx2vTro,2021-01-25,-36.0,-21.0,-51.0,-39.0,-37.0,13.0,0
271483,US,United States,Kentucky,Jefferson County,,,21111.0,ChIJCROGK48KaYgR_WSJcx2vTro,2021-01-26,-25.0,-4.0,-9.0,-31.0,-35.0,11.0,1
271484,US,United States,Kentucky,Jefferson County,,,21111.0,ChIJCROGK48KaYgR_WSJcx2vTro,2021-01-27,-33.0,-6.0,-30.0,-35.0,-35.0,13.0,2
271485,US,United States,Kentucky,Jefferson County,,,21111.0,ChIJCROGK48KaYgR_WSJcx2vTro,2021-01-28,-34.0,-14.0,-18.0,-37.0,-40.0,15.0,3
271486,US,United States,Kentucky,Jefferson County,,,21111.0,ChIJCROGK48KaYgR_WSJcx2vTro,2021-01-29,-27.0,-9.0,-13.0,-36.0,-35.0,12.0,4
271487,US,United States,Kentucky,Jefferson County,,,21111.0,ChIJCROGK48KaYgR_WSJcx2vTro,2021-01-30,-27.0,-6.0,-10.0,-37.0,-13.0,6.0,5
271488,US,United States,Kentucky,Jefferson County,,,21111.0,ChIJCROGK48KaYgR_WSJcx2vTro,2021-01-31,-31.0,-14.0,-44.0,-45.0,-15.0,6.0,6
271489,US,United States,Kentucky,Jefferson County,,,21111.0,ChIJCROGK48KaYgR_WSJcx2vTro,2021-02-01,-30.0,-13.0,-42.0,-35.0,-37.0,13.0,0
271490,US,United States,Kentucky,Jefferson County,,,21111.0,ChIJCROGK48KaYgR_WSJcx2vTro,2021-02-02,-25.0,-5.0,-21.0,-32.0,-35.0,11.0,1
271491,US,United States,Kentucky,Jefferson County,,,21111.0,ChIJCROGK48KaYgR_WSJcx2vTro,2021-02-03,-23.0,-1.0,-5.0,-29.0,-33.0,11.0,2
271492,US,United States,Kentucky,Jefferson County,,,21111.0,ChIJCROGK48KaYgR_WSJcx2vTro,2021-02-04,-29.0,-8.0,-36.0,-35.0,-35.0,12.0,3
271493,US,United States,Kentucky,Jefferson County,,,21111.0,ChIJCROGK48KaYgR_WSJcx2vTro,2021-02-05,-25.0,-5.0,-6.0,-33.0,-33.0,11.0,4
271494,US,United States,Kentucky,Jefferson County,,,21111.0,ChIJCROGK48KaYgR_WSJcx2vTro,2021-02-06,-24.0,0.0,28.0,-30.0,-12.0,4.0,5
271495,US,United States,Kentucky,Jefferson County,,,21111.0,ChIJCROGK48KaYgR_WSJcx2vTro,2021-02-07,-33.0,-11.0,-39.0,-46.0,-15.0,5.0,6
271496,US,United States,Kentucky,Jefferson County,,,21111.0,ChIJCROGK48KaYgR_WSJcx2vTro,2021-02-08,-28.0,-7.0,-32.0,-34.0,-36.0,11.0,0
271497,US,United States,Kentucky,Jefferson County,,,21111.0,ChIJCROGK48KaYgR_WSJcx2vTro,2021-02-09,-27.0,-1.0,-28.0,-32.0,-35.0,12.0,1
271498,US,United States,Kentucky,Jefferson County,,,21111.0,ChIJCROGK48KaYgR_WSJcx2vTro,2021-02-10,-49.0,-18.0,-57.0,-44.0,-44.0,19.0,2
271499,US,United States,Kentucky,Jefferson County,,,21111.0,ChIJCROGK48KaYgR_WSJcx2vTro,2021-02-11,-52.0,-29.0,-59.0,-47.0,-59.0,25.0,3
271500,US,United States,Kentucky,Jefferson County,,,21111.0,ChIJCROGK48KaYgR_WSJcx2vTro,2021-02-12,-29.0,-5.0,-34.0,-31.0,-37.0,14.0,4
271501,US,United States,Kentucky,Jefferson County,,,21111.0,ChIJCROGK48KaYgR_WSJcx2vTro,2021-02-13,-21.0,15.0,-21.0,-31.0,-11.0,5.0,5
271502,US,United States,Kentucky,Jefferson County,,,21111.0,ChIJCROGK48KaYgR_WSJcx2vTro,2021-02-14,-19.0,14.0,-47.0,-28.0,-11.0,4.0,6
271503,US,United States,Kentucky,Jefferson County,,,21111.0,ChIJCROGK48KaYgR_WSJcx2vTro,2021-02-15,-59.0,-29.0,-49.0,-59.0,-58.0,24.0,0
271504,US,United States,Kentucky,Jefferson County,,,21111.0,ChIJCROGK48KaYgR_WSJcx2vTro,2021-02-16,-56.0,-33.0,-21.0,-46.0,-62.0,26.0,1
271505,US,United States,Kentucky,Jefferson County,,,21111.0,ChIJCROGK48KaYgR_WSJcx2vTro,2021-02-17,-34.0,-7.0,-36.0,-33.0,-38.0,15.0,2
271506,US,United States,Kentucky,Jefferson County,,,21111.0,ChIJCROGK48KaYgR_WSJcx2vTro,2021-02-18,-43.0,-23.0,-36.0,-38.0,-44.0,19.0,3
271507,US,United States,Kentucky,Jefferson County,,,21111.0,ChIJCROGK48KaYgR_WSJcx2vTro,2021-02-19,-29.0,-11.0,-20.0,-31.0,-35.0,13.0,4
271508,US,United States,Kentucky,Jefferson County,,,21111.0,ChIJCROGK48KaYgR_WSJcx2vTro,2021-02-20,-24.0,-6.0,9.0,-28.0,-10.0,5.0,5
271509,US,United States,Kentucky,Jefferson County,,,21111.0,ChIJCROGK48KaYgR_WSJcx2vTro,2021-02-21,-29.0,-14.0,-33.0,-38.0,-13.0,5.0,6
271510,US,United States,Kentucky,Jefferson County,,,21111.0,ChIJCROGK48KaYgR_WSJcx2vTro,2021-02-22,-25.0,-11.0,-34.0,-31.0,-35.0,11.0,0
271511,US,United States,Kentucky,Jefferson County,,,21111.0,ChIJCROGK48KaYgR_WSJcx2vTro,2021-02-23,-17.0,-1.0,40.0,-22.0,-34.0,9.0,1
271512,US,United States,Kentucky,Jefferson County,,,21111.0,ChIJCROGK48KaYgR_WSJcx2vTro,2021-02-24,-20.0,-2.0,9.0,-24.0,-33.0,10.0,2
271513,US,United States,Kentucky,Jefferson County,,,21111.0,ChIJCROGK48KaYgR_WSJcx2vTro,2021-02-25,-21.0,-3.0,6.0,-28.0,-34.0,10.0,3
271514,US,United States,Kentucky,Jefferson County,,,21111.0,ChIJCROGK48KaYgR_WSJcx2vTro,2021-02-26,-24.0,-9.0,-22.0,-28.0,-34.0,11.0,4
271515,US,United States,Kentucky,Jefferson County,,,21111.0,ChIJCROGK48KaYgR_WSJcx2vTro,2021-02-27,-17.0,2.0,62.0,-19.0,-10.0,3.0,5
271516,US,United States,Kentucky,Jefferson County,,,21111.0,ChIJCROGK48KaYgR_WSJcx2vTro,2021-02-28,-28.0,-14.0,-33.0,-40.0,-14.0,5.0,6
271517,US,United States,Kentucky,Jefferson County,,,21111.0,ChIJCROGK48KaYgR_WSJcx2vTro,2021-03-01,-19.0,-4.0,-12.0,-24.0,-34.0,9.0,0
271518,US,United States,Kentucky,Jefferson County,,,21111.0,ChIJCROGK48KaYgR_WSJcx2vTro,2021-03-02,-17.0,0.0,17.0,-24.0,-33.0,9.0,1
271519,US,United States,Kentucky,Jefferson County,,,21111.0,ChIJCROGK48KaYgR_WSJcx2vTro,2021-03-03,-15.0,3.0,70.0,-20.0,-33.0,9.0,2
271520,US,United States,Kentucky,Jefferson County,,,21111.0,ChIJCROGK48KaYgR_WSJcx2vTro,2021-03-04,-18.0,0.0,31.0,-25.0,-33.0,9.0,3
271521,US,United States,Kentucky,Jefferson County,,,21111.0,ChIJCROGK48KaYgR_WSJcx2vTro,2021-03-05,-20.0,-2.0,22.0,-25.0,-33.0,9.0,4
271522,US,United States,Kentucky,Jefferson County,,,21111.0,ChIJCROGK48KaYgR_WSJcx2vTro,2021-03-06,-14.0,3.0,99.0,-21.0,-12.0,2.0,5
271523,US,United States,Kentucky,Jefferson County,,,21111.0,ChIJCROGK48KaYgR_WSJcx2vTro,2021-03-07,-18.0,-4.0,54.0,-32.0,-13.0,2.0,6
271524,US,United States,Kentucky,Jefferson County,,,21111.0,ChIJCROGK48KaYgR_WSJcx2vTro,2021-03-08,-18.0,-4.0,45.0,-23.0,-34.0,9.0,0
271525,US,United States,Kentucky,Jefferson County,,,21111.0,ChIJCROGK48KaYgR_WSJcx2vTro,2021-03-09,-16.0,2.0,65.0,-22.0,-34.0,9.0,1
271526,US,United States,Kentucky,Jefferson County,,,21111.0,ChIJCROGK48KaYgR_WSJcx2vTro,2021-03-10,-16.0,3.0,60.0,-22.0,-33.0,9.0,2
271527,US,United States,Kentucky,Jefferson County,,,21111.0,ChIJCROGK48KaYgR_WSJcx2vTro,2021-03-11,-20.0,-2.0,6.0,-26.0,-33.0,10.0,3
271528,US,United States,Kentucky,Jefferson County,,,21111.0,ChIJCROGK48KaYgR_WSJcx2vTro,2021-03-12,-18.0,-2.0,35.0,-27.0,-33.0,10.0,4
271529,US,United States,Kentucky,Jefferson County,,,21111.0,ChIJCROGK48KaYgR_WSJcx2vTro,2021-03-13,-10.0,7.0,88.0,-12.0,-11.0,1.0,5
271530,US,United States,Kentucky,Jefferson County,,,21111.0,ChIJCROGK48KaYgR_WSJcx2vTro,2021-03-14,-17.0,-6.0,-13.0,-33.0,-14.0,3.0,6
271531,US,United States,Kentucky,Jefferson County,,,21111.0,ChIJCROGK48KaYgR_WSJcx2vTro,2021-03-15,-18.0,-7.0,-33.0,-28.0,-35.0,10.0,0
271532,US,United States,Kentucky,Jefferson County,,,21111.0,ChIJCROGK48KaYgR_WSJcx2vTro,2021-03-16,-9.0,6.0,82.0,-18.0,-33.0,7.0,1
271533,US,United States,Kentucky,Jefferson County,,,21111.0,ChIJCROGK48KaYgR_WSJcx2vTro,2021-03-17,-7.0,7.0,-1.0,-21.0,-33.0,8.0,2
271534,US,United States,Kentucky,Jefferson County,,,21111.0,ChIJCROGK48KaYgR_WSJcx2vTro,2021-03-18,-11.0,3.0,12.0,-23.0,-33.0,9.0,3
271535,US,United States,Kentucky,Jefferson County,,,21111.0,ChIJCROGK48KaYgR_WSJcx2vTro,2021-03-19,-11.0,3.0,40.0,-22.0,-33.0,7.0,4
271536,US,United States,Kentucky,Jefferson County,,,21111.0,ChIJCROGK48KaYgR_WSJcx2vTro,2021-03-20,-7.0,9.0,148.0,-12.0,-11.0,0.0,5
271537,US,United States,Kentucky,Jefferson County,,,21111.0,ChIJCROGK48KaYgR_WSJcx2vTro,2021-03-21,-8.0,2.0,120.0,-25.0,-12.0,1.0,6
271538,US,United States,Kentucky,Jefferson County,,,21111.0,ChIJCROGK48KaYgR_WSJcx2vTro,2021-03-22,-9.0,1.0,57.0,-18.0,-34.0,7.0,0
271539,US,United States,Kentucky,Jefferson County,,,21111.0,ChIJCROGK48KaYgR_WSJcx2vTro,2021-03-23,-10.0,3.0,35.0,-20.0,-33.0,8.0,1
271540,US,United States,Kentucky,Jefferson County,,,21111.0,ChIJCROGK48KaYgR_WSJcx2vTro,2021-03-24,-7.0,8.0,97.0,-18.0,-33.0,8.0,2
271541,US,United States,Kentucky,Jefferson County,,,21111.0,ChIJCROGK48KaYgR_WSJcx2vTro,2021-03-25,-18.0,-2.0,-12.0,-26.0,-34.0,10.0,3
271542,US,United States,Kentucky,Jefferson County,,,21111.0,ChIJCROGK48KaYgR_WSJcx2vTro,2021-03-26,-14.0,1.0,58.0,-20.0,-33.0,7.0,4
271543,US,United States,Kentucky,Jefferson County,,,21111.0,ChIJCROGK48KaYgR_WSJcx2vTro,2021-03-27,-11.0,6.0,193.0,-8.0,-12.0,0.0,5
271544,US,United States,Kentucky,Jefferson County,,,21111.0,ChIJCROGK48KaYgR_WSJcx2vTro,2021-03-28,-14.0,-2.0,28.0,-30.0,-12.0,2.0,6
271545,US,United States,Kentucky,Jefferson County,,,21111.0,ChIJCROGK48KaYgR_WSJcx2vTro,2021-03-29,-11.0,0.0,52.0,-20.0,-37.0,7.0,0
271546,US,United States,Kentucky,Jefferson County,,,21111.0,ChIJCROGK48KaYgR_WSJcx2vTro,2021-03-30,-9.0,5.0,103.0,-20.0,-36.0,7.0,1
271547,US,United States,Kentucky,Jefferson County,,,21111.0,ChIJCROGK48KaYgR_WSJcx2vTro,2021-03-31,-12.0,5.0,5.0,-21.0,-37.0,8.0,2
271548,US,United States,Kentucky,Jefferson County,,,21111.0,ChIJCROGK48KaYgR_WSJcx2vTro,2021-04-01,-11.0,6.0,1.0,-22.0,-36.0,8.0,3
271549,US,United States,Kentucky,Jefferson County,,,21111.0,ChIJCROGK48KaYgR_WSJcx2vTro,2021-04-02,-9.0,9.0,42.0,-21.0,-41.0,9.0,4
271550,US,United States,Kentucky,Jefferson County,,,21111.0,ChIJCROGK48KaYgR_WSJcx2vTro,2021-04-03,-10.0,20.0,139.0,-8.0,-16.0,0.0,5
271551,US,United States,Kentucky,Jefferson County,,,21111.0,ChIJCROGK48KaYgR_WSJcx2vTro,2021-04-04,-36.0,-4.0,102.0,-23.0,-23.0,0.0,6
271552,US,United States,Kentucky,Jefferson County,,,21111.0,ChIJCROGK48KaYgR_WSJcx2vTro,2021-04-05,-7.0,5.0,84.0,-18.0,-37.0,7.0,0
271553,US,United States,Kentucky,Jefferson County,,,21111.0,ChIJCROGK48KaYgR_WSJcx2vTro,2021-04-06,-7.0,8.0,108.0,-16.0,-33.0,6.0,1
271554,US,United States,Kentucky,Jefferson County,,,21111.0,ChIJCROGK48KaYgR_WSJcx2vTro,2021-04-07,-8.0,8.0,56.0,-19.0,-34.0,8.0,2
271555,US,United States,Kentucky,Jefferson County,,,21111.0,ChIJCROGK48KaYgR_WSJcx2vTro,2021-04-08,-10.0,5.0,36.0,-19.0,-33.0,8.0,3
271556,US,United States,Kentucky,Jefferson County,,,21111.0,ChIJCROGK48KaYgR_WSJcx2vTro,2021-04-09,-11.0,4.0,113.0,-15.0,-33.0,6.0,4
271557,US,United States,Kentucky,Jefferson County,,,21111.0,ChIJCROGK48KaYgR_WSJcx2vTro,2021-04-10,-13.0,1.0,27.0,-12.0,-15.0,3.0,5
271558,US,United States,Kentucky,Jefferson County,,,21111.0,ChIJCROGK48KaYgR_WSJcx2vTro,2021-04-11,-16.0,-4.0,-5.0,-31.0,-15.0,3.0,6
271559,US,United States,Kentucky,Jefferson County,,,21111.0,ChIJCROGK48KaYgR_WSJcx2vTro,2021-04-12,-9.0,4.0,73.0,-16.0,-33.0,6.0,0
271560,US,United States,Kentucky,Jefferson County,,,21111.0,ChIJCROGK48KaYgR_WSJcx2vTro,2021-04-13,-9.0,7.0,69.0,-16.0,-32.0,7.0,1
271561,US,United States,Kentucky,Jefferson County,,,21111.0,ChIJCROGK48KaYgR_WSJcx2vTro,2021-04-14,-12.0,5.0,18.0,-23.0,-35.0,9.0,2
271562,US,United States,Kentucky,Jefferson County,,,21111.0,ChIJCROGK48KaYgR_WSJcx2vTro,2021-04-15,-11.0,6.0,65.0,-20.0,-32.0,7.0,3
271563,US,United States,Kentucky,Jefferson County,,,21111.0,ChIJCROGK48KaYgR_WSJcx2vTro,2021-04-16,-13.0,2.0,93.0,-18.0,-32.0,6.0,4
271564,US,United States,Kentucky,Jefferson County,,,21111.0,ChIJCROGK48KaYgR_WSJcx2vTro,2021-04-17,-12.0,5.0,112.0,-10.0,-15.0,1.0,5
271565,US,United States,Kentucky,Jefferson County,,,21111.0,ChIJCROGK48KaYgR_WSJcx2vTro,2021-04-18,-13.0,-2.0,95.0,-25.0,-15.0,1.0,6
271566,US,United States,Kentucky,Jefferson County,,,21111.0,ChIJCROGK48KaYgR_WSJcx2vTro,2021-04-19,-11.0,3.0,74.0,-16.0,-33.0,6.0,0
271567,US,United States,Kentucky,Jefferson County,,,21111.0,ChIJCROGK48KaYgR_WSJcx2vTro,2021-04-20,-9.0,6.0,82.0,-18.0,-32.0,7.0,1
271568,US,United States,Kentucky,Jefferson County,,,21111.0,ChIJCROGK48KaYgR_WSJcx2vTro,2021-04-21,-15.0,4.0,-2.0,-25.0,-35.0,10.0,2
271569,US,United States,Kentucky,Jefferson County,,,21111.0,ChIJCROGK48KaYgR_WSJcx2vTro,2021-04-22,-13.0,5.0,49.0,-21.0,-32.0,7.0,3
271570,US,United States,Kentucky,Jefferson County,,,21111.0,ChIJCROGK48KaYgR_WSJcx2vTro,2021-04-23,-13.0,1.0,61.0,-20.0,-32.0,7.0,4
271571,US,United States,Kentucky,Jefferson County,,,21111.0,ChIJCROGK48KaYgR_WSJcx2vTro,2021-04-24,-14.0,1.0,28.0,-20.0,-15.0,4.0,5
271572,US,United States,Kentucky,Jefferson County,,,21111.0,ChIJCROGK48KaYgR_WSJcx2vTro,2021-04-25,-12.0,0.0,93.0,-25.0,-13.0,1.0,6
271573,US,United States,Kentucky,Jefferson County,,,21111.0,ChIJCROGK48KaYgR_WSJcx2vTro,2021-04-26,-8.0,4.0,87.0,-14.0,-33.0,6.0,0
271574,US,United States,Kentucky,Jefferson County,,,21111.0,ChIJCROGK48KaYgR_WSJcx2vTro,2021-04-27,-7.0,10.0,126.0,-12.0,-31.0,6.0,1
271575,US,United States,Kentucky,Jefferson County,,,21111.0,ChIJCROGK48KaYgR_WSJcx2vTro,2021-04-28,-12.0,5.0,14.0,-18.0,-33.0,8.0,2
271576,US,United States,Kentucky,Jefferson County,,,21111.0,ChIJCROGK48KaYgR_WSJcx2vTro,2021-04-29,-12.0,5.0,-9.0,-19.0,-33.0,9.0,3
271577,US,United States,Kentucky,Jefferson County,,,21111.0,ChIJCROGK48KaYgR_WSJcx2vTro,2021-04-30,-9.0,13.0,100.0,-13.0,-40.0,7.0,4
271578,US,United States,Kentucky,Jefferson County,,,21111.0,ChIJCROGK48KaYgR_WSJcx2vTro,2021-05-01,-21.0,12.0,151.0,10.0,-22.0,-1.0,5
271579,US,United States,Kentucky,Jefferson County,,,21111.0,ChIJCROGK48KaYgR_WSJcx2vTro,2021-05-02,-15.0,-2.0,88.0,-18.0,-17.0,1.0,6
271580,US,United States,Kentucky,Jefferson County,,,21111.0,ChIJCROGK48KaYgR_WSJcx2vTro,2021-05-03,-10.0,7.0,36.0,-17.0,-34.0,7.0,0
271581,US,United States,Kentucky,Jefferson County,,,21111.0,ChIJCROGK48KaYgR_WSJcx2vTro,2021-05-04,-11.0,6.0,23.0,-20.0,-33.0,9.0,1
271582,US,United States,Kentucky,Jefferson County,,,21111.0,ChIJCROGK48KaYgR_WSJcx2vTro,2021-05-05,-7.0,11.0,59.0,-16.0,-34.0,7.0,2
271583,US,United States,Kentucky,Jefferson County,,,21111.0,ChIJCROGK48KaYgR_WSJcx2vTro,2021-05-06,-11.0,7.0,54.0,-17.0,-32.0,7.0,3
271584,US,United States,Kentucky,Jefferson County,,,21111.0,ChIJCROGK48KaYgR_WSJcx2vTro,2021-05-07,-11.0,7.0,67.0,-16.0,-32.0,6.0,4
271585,US,United States,Kentucky,Jefferson County,,,21111.0,ChIJCROGK48KaYgR_WSJcx2vTro,2021-05-08,-5.0,17.0,156.0,-8.0,-15.0,-1.0,5
271586,US,United States,Kentucky,Jefferson County,,,21111.0,ChIJCROGK48KaYgR_WSJcx2vTro,2021-05-09,-15.0,1.0,-28.0,-27.0,-18.0,1.0,6
271587,US,United States,Kentucky,Jefferson County,,,21111.0,ChIJCROGK48KaYgR_WSJcx2vTro,2021-05-10,-10.0,5.0,60.0,-17.0,-32.0,6.0,0
271588,US,United States,Kentucky,Jefferson County,,,21111.0,ChIJCROGK48KaYgR_WSJcx2vTro,2021-05-11,-9.0,11.0,74.0,-16.0,-31.0,6.0,1
271589,US,United States,Kentucky,Jefferson County,,,21111.0,ChIJCROGK48KaYgR_WSJcx2vTro,2021-05-12,-8.0,14.0,80.0,-15.0,-34.0,7.0,2
271590,US,United States,Kentucky,Jefferson County,,,21111.0,ChIJCROGK48KaYgR_WSJcx2vTro,2021-05-13,-11.0,8.0,85.0,-15.0,-31.0,6.0,3
271591,US,United States,Kentucky,Jefferson County,,,21111.0,ChIJCROGK48KaYgR_WSJcx2vTro,2021-05-14,-12.0,5.0,113.0,-13.0,-32.0,5.0,4
271592,US,United States,Kentucky,Jefferson County,,,21111.0,ChIJCROGK48KaYgR_WSJcx2vTro,2021-05-15,-10.0,8.0,209.0,-4.0,-14.0,-2.0,5
271593,US,United States,Kentucky,Jefferson County,,,21111.0,ChIJCROGK48KaYgR_WSJcx2vTro,2021-05-16,-14.0,-1.0,60.0,-22.0,-13.0,1.0,6
271594,US,United States,Kentucky,Jefferson County,,,21111.0,ChIJCROGK48KaYgR_WSJcx2vTro,2021-05-17,-12.0,3.0,54.0,-14.0,-32.0,6.0,0
271595,US,United States,Kentucky,Jefferson County,,,21111.0,ChIJCROGK48KaYgR_WSJcx2vTro,2021-05-18,-9.0,9.0,92.0,-13.0,-31.0,6.0,1
271596,US,United States,Kentucky,Jefferson County,,,21111.0,ChIJCROGK48KaYgR_WSJcx2vTro,2021-05-19,-9.0,10.0,93.0,-15.0,-33.0,7.0,2
271597,US,United States,Kentucky,Jefferson County,,,21111.0,ChIJCROGK48KaYgR_WSJcx2vTro,2021-05-20,-10.0,9.0,94.0,-16.0,-30.0,5.0,3
271598,US,United States,Kentucky,Jefferson County,,,21111.0,ChIJCROGK48KaYgR_WSJcx2vTro,2021-05-21,-12.0,7.0,114.0,-14.0,-31.0,5.0,4
271599,US,United States,Kentucky,Jefferson County,,,21111.0,ChIJCROGK48KaYgR_WSJcx2vTro,2021-05-22,-11.0,10.0,212.0,-5.0,-12.0,-2.0,5
271600,US,United States,Kentucky,Jefferson County,,,21111.0,ChIJCROGK48KaYgR_WSJcx2vTro,2021-05-23,-12.0,1.0,117.0,-23.0,-13.0,0.0,6
271601,US,United States,Kentucky,Jefferson County,,,21111.0,ChIJCROGK48KaYgR_WSJcx2vTro,2021-05-24,-10.0,7.0,60.0,-17.0,-33.0,6.0,0
271602,US,United States,Kentucky,Jefferson County,,,21111.0,ChIJCROGK48KaYgR_WSJcx2vTro,2021-05-25,-7.0,11.0,92.0,-15.0,-31.0,6.0,1
271603,US,United States,Kentucky,Jefferson County,,,21111.0,ChIJCROGK48KaYgR_WSJcx2vTro,2021-05-26,-11.0,6.0,15.0,-19.0,-32.0,8.0,2
271604,US,United States,Kentucky,Jefferson County,,,21111.0,ChIJCROGK48KaYgR_WSJcx2vTro,2021-05-27,-5.0,12.0,78.0,-13.0,-31.0,5.0,3
271605,US,United States,Kentucky,Jefferson County,,,21111.0,ChIJCROGK48KaYgR_WSJcx2vTro,2021-05-28,-8.0,7.0,41.0,-18.0,-35.0,7.0,4
271606,US,United States,Kentucky,Jefferson County,,,21111.0,ChIJCROGK48KaYgR_WSJcx2vTro,2021-05-29,-11.0,7.0,76.0,-9.0,-17.0,0.0,5
271607,US,United States,Kentucky,Jefferson County,,,21111.0,ChIJCROGK48KaYgR_WSJcx2vTro,2021-05-30,-8.0,3.0,130.0,-16.0,-17.0,-2.0,6
271608,US,United States,Kentucky,Jefferson County,,,21111.0,ChIJCROGK48KaYgR_WSJcx2vTro,2021-05-31,-14.0,0.0,130.0,-26.0,-74.0,14.0,0
271609,US,United States,Kentucky,Jefferson County,,,21111.0,ChIJCROGK48KaYgR_WSJcx2vTro,2021-06-01,-8.0,11.0,44.0,-17.0,-35.0,7.0,1
271610,US,United States,Kentucky,Jefferson County,,,21111.0,ChIJCROGK48KaYgR_WSJcx2vTro,2021-06-02,-13.0,5.0,-16.0,-19.0,-35.0,10.0,2
271611,US,United States,Kentucky,Jefferson County,,,21111.0,ChIJCROGK48KaYgR_WSJcx2vTro,2021-06-03,-10.0,8.0,27.0,-17.0,-33.0,8.0,3
271612,US,United States,Kentucky,Jefferson County,,,21111.0,ChIJCROGK48KaYgR_WSJcx2vTro,2021-06-04,-9.0,10.0,131.0,-11.0,-33.0,5.0,4
271613,US,United States,Kentucky,Jefferson County,,,21111.0,ChIJCROGK48KaYgR_WSJcx2vTro,2021-06-05,-11.0,12.0,194.0,5.0,-10.0,-2.0,5
271614,US,United States,Kentucky,Jefferson County,,,21111.0,ChIJCROGK48KaYgR_WSJcx2vTro,2021-06-06,-14.0,0.0,49.0,-15.0,-13.0,0.0,6
271615,US,United States,Kentucky,Jefferson County,,,21111.0,ChIJCROGK48KaYgR_WSJcx2vTro,2021-06-07,-8.0,5.0,45.0,-15.0,-36.0,7.0,0
271616,US,United States,Kentucky,Jefferson County,,,21111.0,ChIJCROGK48KaYgR_WSJcx2vTro,2021-06-08,-9.0,8.0,26.0,-13.0,-35.0,8.0,1
271617,US,United States,Kentucky,Jefferson County,,,21111.0,ChIJCROGK48KaYgR_WSJcx2vTro,2021-06-09,-8.0,11.0,34.0,-16.0,-35.0,8.0,2
271618,US,United States,Kentucky,Jefferson County,,,21111.0,ChIJCROGK48KaYgR_WSJcx2vTro,2021-06-10,-10.0,9.0,49.0,-15.0,-34.0,7.0,3
271619,US,United States,Kentucky,Jefferson County,,,21111.0,ChIJCROGK48KaYgR_WSJcx2vTro,2021-06-11,-11.0,7.0,74.0,-15.0,-35.0,7.0,4
271620,US,United States,Kentucky,Jefferson County,,,21111.0,ChIJCROGK48KaYgR_WSJcx2vTro,2021-06-12,-12.0,11.0,162.0,2.0,-14.0,-2.0,5
271621,US,United States,Kentucky,Jefferson County,,,21111.0,ChIJCROGK48KaYgR_WSJcx2vTro,2021-06-13,-13.0,2.0,77.0,-18.0,-16.0,-1.0,6
271622,US,United States,Kentucky,Jefferson County,,,21111.0,ChIJCROGK48KaYgR_WSJcx2vTro,2021-06-14,-7.0,7.0,67.0,-13.0,-37.0,6.0,0
271623,US,United States,Kentucky,Jefferson County,,,21111.0,ChIJCROGK48KaYgR_WSJcx2vTro,2021-06-15,-5.0,12.0,107.0,-8.0,-34.0,5.0,1
271624,US,United States,Kentucky,Jefferson County,,,21111.0,ChIJCROGK48KaYgR_WSJcx2vTro,2021-06-16,-5.0,11.0,102.0,-9.0,-35.0,5.0,2
271625,US,United States,Kentucky,Jefferson County,,,21111.0,ChIJCROGK48KaYgR_WSJcx2vTro,2021-06-17,-7.0,11.0,90.0,-15.0,-35.0,5.0,3
271626,US,United States,Kentucky,Jefferson County,,,21111.0,ChIJCROGK48KaYgR_WSJcx2vTro,2021-06-18,-11.0,8.0,99.0,-15.0,-38.0,6.0,4
271627,US,United States,Kentucky,Jefferson County,,,21111.0,ChIJCROGK48KaYgR_WSJcx2vTro,2021-06-19,-12.0,11.0,158.0,0.0,-16.0,-2.0,5
271628,US,United States,Kentucky,Jefferson County,,,21111.0,ChIJCROGK48KaYgR_WSJcx2vTro,2021-06-20,-11.0,4.0,77.0,-17.0,-17.0,-2.0,6
271629,US,United States,Kentucky,Jefferson County,,,21111.0,ChIJCROGK48KaYgR_WSJcx2vTro,2021-06-21,-15.0,-3.0,7.0,-19.0,-37.0,8.0,0
271630,US,United States,Kentucky,Jefferson County,,,21111.0,ChIJCROGK48KaYgR_WSJcx2vTro,2021-06-22,-4.0,10.0,149.0,-10.0,-34.0,5.0,1
271631,US,United States,Kentucky,Jefferson County,,,21111.0,ChIJCROGK48KaYgR_WSJcx2vTro,2021-06-23,-6.0,10.0,106.0,-10.0,-34.0,5.0,2
271632,US,United States,Kentucky,Jefferson County,,,21111.0,ChIJCROGK48KaYgR_WSJcx2vTro,2021-06-24,-8.0,8.0,89.0,-16.0,-33.0,5.0,3
271633,US,United States,Kentucky,Jefferson County,,,21111.0,ChIJCROGK48KaYgR_WSJcx2vTro,2021-06-25,-11.0,5.0,105.0,-13.0,-35.0,5.0,4
271634,US,United States,Kentucky,Jefferson County,,,21111.0,ChIJCROGK48KaYgR_WSJcx2vTro,2021-06-26,-11.0,8.0,191.0,-1.0,-11.0,-2.0,5
271635,US,United States,Kentucky,Jefferson County,,,21111.0,ChIJCROGK48KaYgR_WSJcx2vTro,2021-06-27,-12.0,0.0,86.0,-16.0,-14.0,-1.0,6
271636,US,United States,Kentucky,Jefferson County,,,21111.0,ChIJCROGK48KaYgR_WSJcx2vTro,2021-06-28,-10.0,3.0,49.0,-18.0,-36.0,4.0,0
271637,US,United States,Kentucky,Jefferson County,,,21111.0,ChIJCROGK48KaYgR_WSJcx2vTro,2021-06-29,-11.0,4.0,53.0,-15.0,-36.0,5.0,1
271638,US,United States,Kentucky,Jefferson County,,,21111.0,ChIJCROGK48KaYgR_WSJcx2vTro,2021-06-30,-7.0,10.0,57.0,-14.0,-35.0,6.0,2
271639,US,United States,Kentucky,Jefferson County,,,21111.0,ChIJCROGK48KaYgR_WSJcx2vTro,2021-07-01,-11.0,5.0,12.0,-20.0,-35.0,8.0,3
271640,US,United States,Kentucky,Jefferson County,,,21111.0,ChIJCROGK48KaYgR_WSJcx2vTro,2021-07-02,-8.0,13.0,135.0,-9.0,-37.0,5.0,4
271641,US,United States,Kentucky,Jefferson County,,,21111.0,ChIJCROGK48KaYgR_WSJcx2vTro,2021-07-03,-15.0,14.0,187.0,3.0,-18.0,-2.0,5
271642,US,United States,Kentucky,Jefferson County,,,21111.0,ChIJCROGK48KaYgR_WSJcx2vTro,2021-07-04,-25.0,1.0,150.0,-16.0,-26.0,-3.0,6
271643,US,United States,Kentucky,Jefferson County,,,21111.0,ChIJCROGK48KaYgR_WSJcx2vTro,2021-07-05,-9.0,-1.0,62.0,-26.0,-70.0,14.0,0
271644,US,United States,Kentucky,Jefferson County,,,21111.0,ChIJCROGK48KaYgR_WSJcx2vTro,2021-07-06,-7.0,9.0,57.0,-18.0,-36.0,7.0,1
271645,US,United States,Kentucky,Jefferson County,,,21111.0,ChIJCROGK48KaYgR_WSJcx2vTro,2021-07-07,-6.0,11.0,57.0,-13.0,-35.0,7.0,2
271646,US,United States,Kentucky,Jefferson County,,,21111.0,ChIJCROGK48KaYgR_WSJcx2vTro,2021-07-08,-9.0,7.0,49.0,-16.0,-34.0,7.0,3
271647,US,United States,Kentucky,Jefferson County,,,21111.0,ChIJCROGK48KaYgR_WSJcx2vTro,2021-07-09,-9.0,8.0,113.0,-14.0,-34.0,5.0,4
271648,US,United States,Kentucky,Jefferson County,,,21111.0,ChIJCROGK48KaYgR_WSJcx2vTro,2021-07-10,-13.0,5.0,91.0,-7.0,-13.0,1.0,5
271649,US,United States,Kentucky,Jefferson County,,,21111.0,ChIJCROGK48KaYgR_WSJcx2vTro,2021-07-11,-12.0,-1.0,36.0,-14.0,-13.0,1.0,6
271650,US,United States,Kentucky,Jefferson County,,,21111.0,ChIJCROGK48KaYgR_WSJcx2vTro,2021-07-12,-9.0,3.0,23.0,-16.0,-36.0,7.0,0
271651,US,United States,Kentucky,Jefferson County,,,21111.0,ChIJCROGK48KaYgR_WSJcx2vTro,2021-07-13,-7.0,9.0,70.0,-14.0,-35.0,7.0,1
271652,US,United States,Kentucky,Jefferson County,,,21111.0,ChIJCROGK48KaYgR_WSJcx2vTro,2021-07-14,-4.0,12.0,113.0,-12.0,-34.0,6.0,2
271653,US,United States,Kentucky,Jefferson County,,,21111.0,ChIJCROGK48KaYgR_WSJcx2vTro,2021-07-15,-5.0,12.0,75.0,-14.0,-33.0,6.0,3
271654,US,United States,Kentucky,Jefferson County,,,21111.0,ChIJCROGK48KaYgR_WSJcx2vTro,2021-07-16,-9.0,7.0,74.0,-15.0,-35.0,6.0,4
271655,US,United States,Kentucky,Jefferson County,,,21111.0,ChIJCROGK48KaYgR_WSJcx2vTro,2021-07-17,-8.0,10.0,149.0,0.0,-15.0,-1.0,5
271656,US,United States,Kentucky,Jefferson County,,,21111.0,ChIJCROGK48KaYgR_WSJcx2vTro,2021-07-18,-9.0,2.0,101.0,-14.0,-15.0,0.0,6
271657,US,United States,Kentucky,Jefferson County,,,21111.0,ChIJCROGK48KaYgR_WSJcx2vTro,2021-07-19,-6.0,8.0,62.0,-11.0,-35.0,6.0,0
271658,US,United States,Kentucky,Jefferson County,,,21111.0,ChIJCROGK48KaYgR_WSJcx2vTro,2021-07-20,-4.0,11.0,88.0,-12.0,-33.0,5.0,1
271659,US,United States,Kentucky,Jefferson County,,,21111.0,ChIJCROGK48KaYgR_WSJcx2vTro,2021-07-21,-5.0,11.0,82.0,-12.0,-33.0,6.0,2
271660,US,United States,Kentucky,Jefferson County,,,21111.0,ChIJCROGK48KaYgR_WSJcx2vTro,2021-07-22,-5.0,10.0,75.0,-14.0,-32.0,5.0,3
271661,US,United States,Kentucky,Jefferson County,,,21111.0,ChIJCROGK48KaYgR_WSJcx2vTro,2021-07-23,-9.0,7.0,107.0,-10.0,-33.0,5.0,4
271662,US,United States,Kentucky,Jefferson County,,,21111.0,ChIJCROGK48KaYgR_WSJcx2vTro,2021-07-24,-11.0,9.0,152.0,1.0,-14.0,-1.0,5
271663,US,United States,Kentucky,Jefferson County,,,21111.0,ChIJCROGK48KaYgR_WSJcx2vTro,2021-07-25,-10.0,1.0,71.0,-14.0,-15.0,0.0,6
271664,US,United States,Kentucky,Jefferson County,,,21111.0,ChIJCROGK48KaYgR_WSJcx2vTro,2021-07-26,-9.0,5.0,45.0,-14.0,-35.0,6.0,0
271665,US,United States,Kentucky,Jefferson County,,,21111.0,ChIJCROGK48KaYgR_WSJcx2vTro,2021-07-27,-7.0,9.0,75.0,-12.0,-33.0,6.0,1
271666,US,United States,Kentucky,Jefferson County,,,21111.0,ChIJCROGK48KaYgR_WSJcx2vTro,2021-07-28,-8.0,10.0,74.0,-13.0,-33.0,6.0,2
271667,US,United States,Kentucky,Jefferson County,,,21111.0,ChIJCROGK48KaYgR_WSJcx2vTro,2021-07-29,-9.0,8.0,46.0,-16.0,-32.0,6.0,3
271668,US,United States,Kentucky,Jefferson County,,,21111.0,ChIJCROGK48KaYgR_WSJcx2vTro,2021-07-30,-10.0,7.0,84.0,-13.0,-33.0,5.0,4
271669,US,United States,Kentucky,Jefferson County,,,21111.0,ChIJCROGK48KaYgR_WSJcx2vTro,2021-07-31,-11.0,8.0,115.0,-5.0,-12.0,-1.0,5
271670,US,United States,Kentucky,Jefferson County,,,21111.0,ChIJCROGK48KaYgR_WSJcx2vTro,2021-08-01,-11.0,3.0,90.0,-16.0,-14.0,-1.0,6
271671,US,United States,Kentucky,Jefferson County,,,21111.0,ChIJCROGK48KaYgR_WSJcx2vTro,2021-08-02,-7.0,7.0,65.0,-14.0,-35.0,6.0,0
271672,US,United States,Kentucky,Jefferson County,,,21111.0,ChIJCROGK48KaYgR_WSJcx2vTro,2021-08-03,-3.0,14.0,98.0,-11.0,-34.0,5.0,1
271673,US,United States,Kentucky,Jefferson County,,,21111.0,ChIJCROGK48KaYgR_WSJcx2vTro,2021-08-04,-6.0,13.0,76.0,-13.0,-33.0,5.0,2
271674,US,United States,Kentucky,Jefferson County,,,21111.0,ChIJCROGK48KaYgR_WSJcx2vTro,2021-08-05,-7.0,11.0,75.0,-16.0,-33.0,5.0,3
271675,US,United States,Kentucky,Jefferson County,,,21111.0,ChIJCROGK48KaYgR_WSJcx2vTro,2021-08-06,-9.0,7.0,118.0,-15.0,-34.0,5.0,4
271676,US,United States,Kentucky,Jefferson County,,,21111.0,ChIJCROGK48KaYgR_WSJcx2vTro,2021-08-07,-9.0,12.0,221.0,-7.0,-13.0,-1.0,5
271677,US,United States,Kentucky,Jefferson County,,,21111.0,ChIJCROGK48KaYgR_WSJcx2vTro,2021-08-08,-11.0,3.0,79.0,-18.0,-13.0,0.0,6
271678,US,United States,Kentucky,Jefferson County,,,21111.0,ChIJCROGK48KaYgR_WSJcx2vTro,2021-08-09,-10.0,3.0,14.0,-18.0,-35.0,7.0,0
271679,US,United States,Kentucky,Jefferson County,,,21111.0,ChIJCROGK48KaYgR_WSJcx2vTro,2021-08-10,-3.0,13.0,49.0,-15.0,-33.0,6.0,1
271680,US,United States,Kentucky,Jefferson County,,,21111.0,ChIJCROGK48KaYgR_WSJcx2vTro,2021-08-11,-9.0,13.0,52.0,-13.0,-33.0,6.0,2
271681,US,United States,Kentucky,Jefferson County,,,21111.0,ChIJCROGK48KaYgR_WSJcx2vTro,2021-08-12,-11.0,9.0,34.0,-15.0,-32.0,6.0,3
271682,US,United States,Kentucky,Jefferson County,,,21111.0,ChIJCROGK48KaYgR_WSJcx2vTro,2021-08-13,-10.0,8.0,61.0,-14.0,-33.0,5.0,4
271683,US,United States,Kentucky,Jefferson County,,,21111.0,ChIJCROGK48KaYgR_WSJcx2vTro,2021-08-14,-11.0,8.0,200.0,-12.0,-13.0,0.0,5
271684,US,United States,Kentucky,Jefferson County,,,21111.0,ChIJCROGK48KaYgR_WSJcx2vTro,2021-08-15,-11.0,2.0,58.0,-21.0,-14.0,1.0,6
271685,US,United States,Kentucky,Jefferson County,,,21111.0,ChIJCROGK48KaYgR_WSJcx2vTro,2021-08-16,-10.0,6.0,27.0,-15.0,-35.0,6.0,0
271686,US,United States,Kentucky,Jefferson County,,,21111.0,ChIJCROGK48KaYgR_WSJcx2vTro,2021-08-17,-7.0,12.0,61.0,-14.0,-33.0,5.0,1
271687,US,United States,Kentucky,Jefferson County,,,21111.0,ChIJCROGK48KaYgR_WSJcx2vTro,2021-08-18,-8.0,12.0,46.0,-13.0,-31.0,5.0,2
271688,US,United States,Kentucky,Jefferson County,,,21111.0,ChIJCROGK48KaYgR_WSJcx2vTro,2021-08-19,-9.0,9.0,46.0,-14.0,-31.0,5.0,3
271689,US,United States,Kentucky,Jefferson County,,,21111.0,ChIJCROGK48KaYgR_WSJcx2vTro,2021-08-20,-11.0,7.0,78.0,-13.0,-32.0,4.0,4
271690,US,United States,Kentucky,Jefferson County,,,21111.0,ChIJCROGK48KaYgR_WSJcx2vTro,2021-08-21,-9.0,10.0,173.0,-8.0,-13.0,0.0,5
271691,US,United States,Kentucky,Jefferson County,,,21111.0,ChIJCROGK48KaYgR_WSJcx2vTro,2021-08-22,-12.0,3.0,56.0,-18.0,-15.0,1.0,6
271692,US,United States,Kentucky,Jefferson County,,,21111.0,ChIJCROGK48KaYgR_WSJcx2vTro,2021-08-23,-11.0,5.0,26.0,-16.0,-33.0,5.0,0
271693,US,United States,Kentucky,Jefferson County,,,21111.0,ChIJCROGK48KaYgR_WSJcx2vTro,2021-08-24,-9.0,10.0,36.0,-17.0,-32.0,5.0,1
271694,US,United States,Kentucky,Jefferson County,,,21111.0,ChIJCROGK48KaYgR_WSJcx2vTro,2021-08-25,-12.0,9.0,20.0,-18.0,-31.0,6.0,2
271695,US,United States,Kentucky,Jefferson County,,,21111.0,ChIJCROGK48KaYgR_WSJcx2vTro,2021-08-26,-11.0,10.0,36.0,-15.0,-30.0,6.0,3
271696,US,United States,Kentucky,Jefferson County,,,21111.0,ChIJCROGK48KaYgR_WSJcx2vTro,2021-08-27,-15.0,0.0,30.0,-16.0,-31.0,6.0,4
271697,US,United States,Kentucky,Jefferson County,,,21111.0,ChIJCROGK48KaYgR_WSJcx2vTro,2021-08-28,-12.0,7.0,133.0,-15.0,-14.0,0.0,5
271698,US,United States,Kentucky,Jefferson County,,,21111.0,ChIJCROGK48KaYgR_WSJcx2vTro,2021-08-29,-15.0,-1.0,60.0,-23.0,-16.0,1.0,6
271699,US,United States,Kentucky,Jefferson County,,,21111.0,ChIJCROGK48KaYgR_WSJcx2vTro,2021-08-30,-18.0,-5.0,-14.0,-19.0,-31.0,7.0,0
271700,US,United States,Kentucky,Jefferson County,,,21111.0,ChIJCROGK48KaYgR_WSJcx2vTro,2021-08-31,-15.0,1.0,-12.0,-20.0,-30.0,8.0,1
271701,US,United States,Kentucky,Jefferson County,,,21111.0,ChIJCROGK48KaYgR_WSJcx2vTro,2021-09-01,-7.0,10.0,65.0,-14.0,-29.0,5.0,2
271702,US,United States,Kentucky,Jefferson County,,,21111.0,ChIJCROGK48KaYgR_WSJcx2vTro,2021-09-02,-10.0,5.0,70.0,-14.0,-29.0,5.0,3
271703,US,United States,Kentucky,Jefferson County,,,21111.0,ChIJCROGK48KaYgR_WSJcx2vTro,2021-09-03,-10.0,4.0,101.0,-10.0,-31.0,4.0,4
271704,US,United States,Kentucky,Jefferson County,,,21111.0,ChIJCROGK48KaYgR_WSJcx2vTro,2021-09-04,-14.0,4.0,187.0,-11.0,-19.0,1.0,5
271705,US,United States,Kentucky,Jefferson County,,,21111.0,ChIJCROGK48KaYgR_WSJcx2vTro,2021-09-05,-14.0,-6.0,63.0,-28.0,-22.0,1.0,6
271706,US,United States,Kentucky,Jefferson County,,,21111.0,ChIJCROGK48KaYgR_WSJcx2vTro,2021-09-06,-16.0,-6.0,130.0,-31.0,-74.0,16.0,0
271707,US,United States,Kentucky,Jefferson County,,,21111.0,ChIJCROGK48KaYgR_WSJcx2vTro,2021-09-07,-10.0,6.0,75.0,-17.0,-30.0,5.0,1
271708,US,United States,Kentucky,Jefferson County,,,21111.0,ChIJCROGK48KaYgR_WSJcx2vTro,2021-09-08,-12.0,5.0,58.0,-14.0,-29.0,6.0,2
271709,US,United States,Kentucky,Jefferson County,,,21111.0,ChIJCROGK48KaYgR_WSJcx2vTro,2021-09-09,-12.0,3.0,71.0,-16.0,-28.0,5.0,3
271710,US,United States,Kentucky,Jefferson County,,,21111.0,ChIJCROGK48KaYgR_WSJcx2vTro,2021-09-10,-14.0,0.0,113.0,-12.0,-28.0,5.0,4
271711,US,United States,Kentucky,Jefferson County,,,21111.0,ChIJCROGK48KaYgR_WSJcx2vTro,2021-09-11,-13.0,3.0,186.0,-11.0,-15.0,0.0,5
271712,US,United States,Kentucky,Jefferson County,,,21111.0,ChIJCROGK48KaYgR_WSJcx2vTro,2021-09-12,-15.0,-4.0,90.0,-22.0,-15.0,1.0,6
271713,US,United States,Kentucky,Jefferson County,,,21111.0,ChIJCROGK48KaYgR_WSJcx2vTro,2021-09-13,-13.0,0.0,40.0,-15.0,-30.0,5.0,0
271714,US,United States,Kentucky,Jefferson County,,,21111.0,ChIJCROGK48KaYgR_WSJcx2vTro,2021-09-14,-10.0,5.0,85.0,-15.0,-28.0,5.0,1
271715,US,United States,Kentucky,Jefferson County,,,21111.0,ChIJCROGK48KaYgR_WSJcx2vTro,2021-09-15,-10.0,5.0,38.0,-14.0,-28.0,5.0,2
271716,US,United States,Kentucky,Jefferson County,,,21111.0,ChIJCROGK48KaYgR_WSJcx2vTro,2021-09-16,-10.0,4.0,63.0,-13.0,-28.0,5.0,3
271717,US,United States,Kentucky,Jefferson County,,,21111.0,ChIJCROGK48KaYgR_WSJcx2vTro,2021-09-17,-12.0,1.0,91.0,-12.0,-30.0,4.0,4
271718,US,United States,Kentucky,Jefferson County,,,21111.0,ChIJCROGK48KaYgR_WSJcx2vTro,2021-09-18,-11.0,3.0,179.0,-7.0,-16.0,-1.0,5
271719,US,United States,Kentucky,Jefferson County,,,21111.0,ChIJCROGK48KaYgR_WSJcx2vTro,2021-09-19,-15.0,-7.0,52.0,-22.0,-20.0,1.0,6
271720,US,United States,Kentucky,Jefferson County,,,21111.0,ChIJCROGK48KaYgR_WSJcx2vTro,2021-09-20,-17.0,-6.0,-11.0,-16.0,-31.0,7.0,0
271721,US,United States,Kentucky,Jefferson County,,,21111.0,ChIJCROGK48KaYgR_WSJcx2vTro,2021-09-21,-11.0,2.0,35.0,-15.0,-28.0,6.0,1
271722,US,United States,Kentucky,Jefferson County,,,21111.0,ChIJCROGK48KaYgR_WSJcx2vTro,2021-09-22,-16.0,-4.0,-21.0,-18.0,-28.0,8.0,2
271723,US,United States,Kentucky,Jefferson County,,,21111.0,ChIJCROGK48KaYgR_WSJcx2vTro,2021-09-23,-6.0,5.0,160.0,-10.0,-26.0,4.0,3
271724,US,United States,Kentucky,Jefferson County,,,21111.0,ChIJCROGK48KaYgR_WSJcx2vTro,2021-09-24,-9.0,2.0,181.0,-8.0,-28.0,4.0,4
271725,US,United States,Kentucky,Jefferson County,,,21111.0,ChIJCROGK48KaYgR_WSJcx2vTro,2021-09-25,-9.0,3.0,217.0,-8.0,-14.0,0.0,5
271726,US,United States,Kentucky,Jefferson County,,,21111.0,ChIJCROGK48KaYgR_WSJcx2vTro,2021-09-26,-7.0,-3.0,168.0,-15.0,-15.0,0.0,6
271727,US,United States,Kentucky,Jefferson County,,,21111.0,ChIJCROGK48KaYgR_WSJcx2vTro,2021-09-27,-11.0,-1.0,55.0,-8.0,-28.0,5.0,0
271728,US,United States,Kentucky,Jefferson County,,,21111.0,ChIJCROGK48KaYgR_WSJcx2vTro,2021-09-28,-8.0,3.0,72.0,-11.0,-26.0,4.0,1
271729,US,United States,Kentucky,Jefferson County,,,21111.0,ChIJCROGK48KaYgR_WSJcx2vTro,2021-09-29,-8.0,3.0,58.0,-14.0,-33.0,6.0,2
271730,US,United States,Kentucky,Jefferson County,,,21111.0,ChIJCROGK48KaYgR_WSJcx2vTro,2021-09-30,-10.0,2.0,63.0,-13.0,-32.0,6.0,3
271731,US,United States,Kentucky,Jefferson County,,,21111.0,ChIJCROGK48KaYgR_WSJcx2vTro,2021-10-01,-9.0,3.0,126.0,-8.0,-34.0,5.0,4
271732,US,United States,Kentucky,Jefferson County,,,21111.0,ChIJCROGK48KaYgR_WSJcx2vTro,2021-10-02,-13.0,3.0,206.0,-1.0,-15.0,-1.0,5
271733,US,United States,Kentucky,Jefferson County,,,21111.0,ChIJCROGK48KaYgR_WSJcx2vTro,2021-10-03,-21.0,-10.0,-3.0,-24.0,-18.0,3.0,6
271734,US,United States,Kentucky,Jefferson County,,,21111.0,ChIJCROGK48KaYgR_WSJcx2vTro,2021-10-04,-10.0,2.0,39.0,-13.0,-29.0,5.0,0
271735,US,United States,Kentucky,Jefferson County,,,21111.0,ChIJCROGK48KaYgR_WSJcx2vTro,2021-10-05,-9.0,4.0,68.0,-13.0,-27.0,5.0,1
271736,US,United States,Kentucky,Jefferson County,,,21111.0,ChIJCROGK48KaYgR_WSJcx2vTro,2021-10-06,-13.0,0.0,0.0,-15.0,-27.0,6.0,2
271737,US,United States,Kentucky,Jefferson County,,,21111.0,ChIJCROGK48KaYgR_WSJcx2vTro,2021-10-07,-10.0,2.0,42.0,-12.0,-26.0,5.0,3
271738,US,United States,Kentucky,Jefferson County,,,21111.0,ChIJCROGK48KaYgR_WSJcx2vTro,2021-10-08,-8.0,0.0,91.0,-12.0,-27.0,4.0,4
271739,US,United States,Kentucky,Jefferson County,,,21111.0,ChIJCROGK48KaYgR_WSJcx2vTro,2021-10-09,-10.0,3.0,213.0,-3.0,-14.0,-2.0,5
271740,US,United States,Kentucky,Jefferson County,,,21111.0,ChIJCROGK48KaYgR_WSJcx2vTro,2021-10-10,-11.0,-4.0,84.0,-19.0,-14.0,0.0,6
271741,US,United States,Kentucky,Jefferson County,,,21111.0,ChIJCROGK48KaYgR_WSJcx2vTro,2021-10-11,-10.0,-1.0,59.0,-13.0,-34.0,7.0,0
271742,US,United States,Kentucky,Jefferson County,,,21111.0,ChIJCROGK48KaYgR_WSJcx2vTro,2021-10-12,-9.0,3.0,83.0,-8.0,-25.0,4.0,1
271743,US,United States,Kentucky,Jefferson County,,,21111.0,ChIJCROGK48KaYgR_WSJcx2vTro,2021-10-13,-12.0,3.0,38.0,-14.0,-26.0,5.0,2
271744,US,United States,Kentucky,Jefferson County,,,21111.0,ChIJCROGK48KaYgR_WSJcx2vTro,2021-10-14,-10.0,3.0,69.0,-11.0,-25.0,4.0,3
271745,US,United States,Kentucky,Jefferson County,,,21111.0,ChIJCROGK48KaYgR_WSJcx2vTro,2021-10-15,-12.0,-3.0,10.0,-17.0,-28.0,6.0,4
271746,US,United States,Kentucky,Jefferson County,,,21111.0,ChIJCROGK48KaYgR_WSJcx2vTro,2021-10-16,-8.0,4.0,165.0,-2.0,-13.0,-1.0,5
271747,US,United States,Kentucky,Jefferson County,,,21111.0,ChIJCROGK48KaYgR_WSJcx2vTro,2021-10-17,-12.0,-5.0,80.0,-17.0,-16.0,0.0,6
271748,US,United States,Kentucky,Jefferson County,,,21111.0,ChIJCROGK48KaYgR_WSJcx2vTro,2021-10-18,-11.0,-1.0,49.0,-10.0,-28.0,5.0,0
271749,US,United States,Kentucky,Jefferson County,,,21111.0,ChIJCROGK48KaYgR_WSJcx2vTro,2021-10-19,-9.0,3.0,70.0,-11.0,-26.0,5.0,1
271750,US,United States,Kentucky,Jefferson County,,,21111.0,ChIJCROGK48KaYgR_WSJcx2vTro,2021-10-20,-7.0,3.0,73.0,-9.0,-26.0,4.0,2
271751,US,United States,Kentucky,Jefferson County,,,21111.0,ChIJCROGK48KaYgR_WSJcx2vTro,2021-10-21,-7.0,1.0,52.0,-11.0,-25.0,5.0,3
271752,US,United States,Kentucky,Jefferson County,,,21111.0,ChIJCROGK48KaYgR_WSJcx2vTro,2021-10-22,-11.0,-1.0,54.0,-10.0,-27.0,5.0,4
271753,US,United States,Kentucky,Jefferson County,,,21111.0,ChIJCROGK48KaYgR_WSJcx2vTro,2021-10-23,-9.0,1.0,161.0,-1.0,-13.0,-1.0,5
271754,US,United States,Kentucky,Jefferson County,,,21111.0,ChIJCROGK48KaYgR_WSJcx2vTro,2021-10-24,-12.0,-5.0,53.0,-21.0,-16.0,1.0,6
271755,US,United States,Kentucky,Jefferson County,,,21111.0,ChIJCROGK48KaYgR_WSJcx2vTro,2021-10-25,-13.0,-4.0,-4.0,-17.0,-28.0,6.0,0
271756,US,United States,Kentucky,Jefferson County,,,21111.0,ChIJCROGK48KaYgR_WSJcx2vTro,2021-10-26,-8.0,2.0,54.0,-14.0,-26.0,5.0,1
271757,US,United States,Kentucky,Jefferson County,,,21111.0,ChIJCROGK48KaYgR_WSJcx2vTro,2021-10-27,-8.0,4.0,52.0,-15.0,-25.0,5.0,2
271758,US,United States,Kentucky,Jefferson County,,,21111.0,ChIJCROGK48KaYgR_WSJcx2vTro,2021-10-28,-12.0,0.0,-17.0,-19.0,-25.0,6.0,3
271759,US,United States,Kentucky,Jefferson County,,,21111.0,ChIJCROGK48KaYgR_WSJcx2vTro,2021-10-29,-10.0,0.0,31.0,-16.0,-26.0,5.0,4
271760,US,United States,Kentucky,Jefferson County,,,21111.0,ChIJCROGK48KaYgR_WSJcx2vTro,2021-10-30,-13.0,3.0,55.0,-19.0,-16.0,1.0,5
271761,US,United States,Kentucky,Jefferson County,,,21111.0,ChIJCROGK48KaYgR_WSJcx2vTro,2021-10-31,-16.0,-2.0,55.0,-20.0,-17.0,0.0,6
271762,US,United States,Kentucky,Jefferson County,,,21111.0,ChIJCROGK48KaYgR_WSJcx2vTro,2021-11-01,-11.0,-2.0,6.0,-15.0,-30.0,6.0,0
271763,US,United States,Kentucky,Jefferson County,,,21111.0,ChIJCROGK48KaYgR_WSJcx2vTro,2021-11-02,-9.0,2.0,16.0,-16.0,-27.0,6.0,1
271764,US,United States,Kentucky,Jefferson County,,,21111.0,ChIJCROGK48KaYgR_WSJcx2vTro,2021-11-03,-8.0,4.0,8.0,-15.0,-26.0,6.0,2
271765,US,United States,Kentucky,Jefferson County,,,21111.0,ChIJCROGK48KaYgR_WSJcx2vTro,2021-11-04,-10.0,1.0,11.0,-16.0,-26.0,6.0,3
271766,US,United States,Kentucky,Jefferson County,,,21111.0,ChIJCROGK48KaYgR_WSJcx2vTro,2021-11-05,-11.0,0.0,22.0,-14.0,-27.0,5.0,4
271767,US,United States,Kentucky,Jefferson County,,,21111.0,ChIJCROGK48KaYgR_WSJcx2vTro,2021-11-06,-9.0,0.0,91.0,-13.0,-14.0,0.0,5
